Symbol,market_cap,timeframe,HVE_date_1,HVE_vol_1,HVE_date_2,HVE_vol_2,HVE_date_3,HVE_vol_3,HVE_date_4,HVE_vol_4,HVE_date_5,HVE_vol_5,HVE_date_6,HVE_vol_6,HVE_date_7,HVE_vol_7,HVE_date_8,HVE_vol_8,HVE_date_9,HVE_vol_9,HVE_date_10,HVE_vol_10
KLAC,324792267453.4924,monthly,2026-07-01,120859446,2020-03-01,52077900.0,2020-02-01,35105900.0,,,,,,,,,,,,,,
BLD,11925014821.38053,monthly,2026-04-01,18976700,2020-06-01,16891000.0,2020-03-01,12296200.0,2020-02-01,6742800.0,,,,,,,,,,,,
CBOE,25348191145.784397,monthly,2026-06-01,45835200,2020-03-01,32280600.0,2020-02-01,16520900.0,,,,,,,,,,,,,,
QCOM,199617054053.94888,monthly,2026-05-01,437033367,2026-04-01,341971800.0,2021-11-01,323236400.0,2020-03-01,322085700.0,2020-02-01,220308800.0,,,,,,,,,,
RYAN,10251078415.06982,monthly,2026-05-01,49986248,2026-04-01,43269700.0,2025-09-01,40133000.0,2024-06-01,35333400.0,2021-07-01,30210200.0,,,,,,,,,,
VEEV,27836283925.940285,monthly,2026-05-01,77144807,2020-03-01,54252800.0,2020-02-01,23359300.0,,,,,,,,,,,,,,
ZTS,31899067442.14406,monthly,2026-05-01,156519070,2025-12-01,131754700.0,2025-11-01,105935600.0,2024-04-01,94112900.0,2020-03-01,87330200.0,2020-02-01,42835300.0,,,,,,,,
FORM,10191807015.208338,monthly,2026-04-01,40667700,2025-10-01,32471900.0,2025-04-01,23317600.0,2024-12-01,19637300.0,2024-08-01,17494000.0,2020-06-01,16452100.0,2020-03-01,16146200.0,2020-02-01,12873000.0,,,,
EFX,18870593510.76364,monthly,2026-04-01,37602400,2026-03-01,34491700.0,2026-01-01,33901800.0,2025-10-01,32730200.0,2020-03-01,31651900.0,2020-02-01,16160900.0,,,,,,,,
CR,12649770511.33235,monthly,2026-04-01,12226700,2023-04-01,11034600.0,2023-03-01,237500.0,,,,,,,,,,,,,,
BSX,65741487319.84569,monthly,2026-04-01,374347800,2020-03-01,347706200.0,2020-02-01,168971000.0,,,,,,,,,,,,,,
TEAM,19981681679.34547,monthly,2026-04-01,164175100,2026-03-01,133385000.0,2026-01-01,95448300.0,2022-12-01,94128100.0,2022-11-01,78256400.0,2022-01-01,58692300.0,2020-03-01,49876200.0,2020-02-01,29481400.0,,,,
VRSK,23869559834.47041,monthly,2026-04-01,43468700,2026-03-01,40280500.0,2022-03-01,34780500.0,2021-03-01,32720300.0,2020-03-01,30932100.0,2020-02-01,16414500.0,,,,,,,,
MKC,13726525474.869698,monthly,2026-04-01,99468700,2026-01-01,94153500.0,2023-10-01,80807900.0,2020-03-01,68467000.0,2020-02-01,28784400.0,,,,,,,,,,
NOW,101418823284.496,monthly,2026-04-01,591096000,2026-03-01,368327200.0,2020-03-01,351747000.0,2020-02-01,179301000.0,,,,,,,,,,,,
VMI,11041513498.414877,monthly,2026-04-01,4864500,2024-06-01,4530800.0,2023-07-01,4323800.0,2021-02-01,4029300.0,2020-03-01,3945500.0,2020-02-01,2254700.0,,,,,,,,
CHTR,18508581428.09256,monthly,2026-04-01,64951500,2020-03-01,62803900.0,2020-02-01,26274900.0,,,,,,,,,,,,,,
WTRG,10962414188.499868,monthly,2026-04-01,50963400,2025-10-01,49078100.0,2025-08-01,44165200.0,2024-01-01,43815300.0,2020-03-01,41157700.0,2020-02-01,26676100.0,,,,,,,,
NKE,60346158405.57458,monthly,2026-04-01,605340100,2025-04-01,574280900.0,2024-07-01,395870900.0,2020-03-01,344640300.0,2020-02-01,138959900.0,,,,,,,,,,
CASY,28813136472.65583,monthly,2026-04-01,16972900,2020-03-01,12983500.0,2020-02-01,6064500.0,,,,,,,,,,,,,,
DT,12641301073.468472,monthly,2026-03-01,170496900,2022-05-01,101804200.0,2020-06-01,88664200.0,2020-03-01,59893400.0,2020-02-01,56352500.0,,,,,,,,,,
COHR,74452502664.61447,monthly,2026-03-01,215300400,2025-08-01,115242300.0,2023-08-01,102767200.0,2023-06-01,101694800.0,2020-07-01,60690100.0,2020-03-01,49963000.0,2020-02-01,34495800.0,,,,,,
GLW,190243984949.3211,monthly,2026-03-01,297266400,2024-07-01,234951900.0,2020-03-01,186115500.0,2020-02-01,114734000.0,,,,,,,,,,,,
ADP,89360598056.5085,monthly,2026-03-01,93534800,2020-03-01,86964200.0,2020-02-01,44654900.0,,,,,,,,,,,,,,
BR,15952747941.31961,monthly,2026-03-01,39587900,2020-03-01,33844400.0,2020-02-01,20049200.0,,,,,,,,,,,,,,
CF,16238615382.767088,monthly,2026-03-01,158761100,2022-03-01,131116100.0,2020-03-01,88134600.0,2020-02-01,62221200.0,,,,,,,,,,,,
GPC,15967199088.084433,monthly,2026-03-01,48475800,2024-10-01,36479600.0,2023-03-01,35622900.0,2020-03-01,34839100.0,2020-02-01,18983100.0,,,,,,,,,,
BAX,11382976228.176332,monthly,2026-03-01,215659900,2026-01-01,178856300.0,2025-08-01,174912700.0,2025-07-01,159229200.0,2023-10-01,148971100.0,2023-02-01,139858600.0,2023-01-01,128055500.0,2022-12-01,104880800.0,2020-03-01,102008000.0,2020-02-01,45408900.0
OWL,13361060565.693396,monthly,2026-03-01,707955400,2026-02-01,333113200.0,2025-10-01,332373400.0,2025-04-01,240795700.0,2025-03-01,171364500.0,2024-06-01,146140400.0,2024-05-01,137656500.0,2021-12-01,128488500.0,2021-09-01,68755700.0,2021-08-01,45488800.0
IOT,18201748821.18012,monthly,2026-03-01,193764600,2025-06-01,180927500.0,2023-06-01,121613900.0,2023-03-01,115901200.0,2022-06-01,46705200.0,2022-03-01,38735800.0,2022-01-01,35491300.0,2021-12-01,28853600.0,,,,
VICR,14901928116.53895,monthly,2026-03-01,21955400,2023-10-01,17368700.0,2023-07-01,12729400.0,2022-03-01,11525500.0,2021-12-01,10272400.0,2020-06-01,7504000.0,2020-03-01,6595000.0,2020-02-01,4959900.0,,,,
CPNG,31557228008.437283,monthly,2026-03-01,505022700,2026-01-01,492389600.0,2025-12-01,379274100.0,2025-09-01,373615500.0,2022-03-01,347171200.0,2021-03-01,250967700.0,,,,,,,,
ADBE,80585176526.16142,monthly,2026-03-01,141420400,2020-03-01,126565500.0,2020-02-01,56911700.0,,,,,,,,,,,,,,
RRX,14628663073.662956,monthly,2026-03-01,26544900,2021-10-01,25274400.0,2021-03-01,8993800.0,2020-03-01,8312100.0,2020-02-01,5959800.0,,,,,,,,,,
CRM,129705032108.9287,monthly,2026-03-01,289214200,2020-12-01,277067700.0,2020-08-01,238989100.0,2020-03-01,227124500.0,2020-02-01,118025600.0,,,,,,,,,,
STE,21018698400.648148,monthly,2026-03-01,20241600,2020-03-01,20115400.0,2020-02-01,15011100.0,,,,,,,,,,,,,,
GWRE,10113983753.674845,monthly,2026-03-01,35741300,2020-03-01,35003400.0,2020-02-01,9455700.0,,,,,,,,,,,,,,
NVT,26347497738.77215,monthly,2026-03-01,53914300,2025-10-01,52139400.0,2025-04-01,51446600.0,2025-03-01,51420300.0,2024-08-01,47712900.0,2021-01-01,43165800.0,2020-10-01,32989800.0,2020-03-01,32144700.0,2020-02-01,24183500.0,,
LYB,17988796397.998745,monthly,2026-03-01,227969100,2026-01-01,130099000.0,2025-12-01,122955200.0,2020-03-01,111883900.0,2020-02-01,42101600.0,,,,,,,,,,
TOST,15706400279.521923,monthly,2026-03-01,242418100,2023-11-01,237293600.0,2023-02-01,172878100.0,2022-11-01,164131800.0,2022-06-01,162093800.0,2022-05-01,140931200.0,2022-03-01,111666400.0,2022-02-01,94749000.0,2022-01-01,77428300.0,2021-12-01,69759800.0
WBS,12249203196.784958,monthly,2026-03-01,110748600,2026-02-01,67505100.0,2023-03-01,51716800.0,2022-01-01,41295400.0,2020-03-01,29548900.0,2020-02-01,11720400.0,,,,,,,,
BBY,16378712793.325008,monthly,2026-03-01,127299600,2025-04-01,117817500.0,2022-05-01,97904600.0,2022-03-01,89727400.0,2020-03-01,86488600.0,2020-02-01,45755000.0,,,,,,,,
LITE,63561044332.67976,monthly,2026-03-01,163866800,2025-11-01,112493200.0,2025-09-01,84258400.0,2025-08-01,72158500.0,2025-04-01,63269200.0,2025-03-01,58082100.0,2023-06-01,52900500.0,2020-06-01,44764400.0,2020-03-01,38184800.0,2020-02-01,36384000.0
TIGO,14954694555.625822,monthly,2026-03-01,33146400,2025-03-01,27856700.0,2025-02-01,8228900.0,2025-01-01,6878600.0,2022-06-01,6270400.0,2020-09-01,4202100.0,2020-06-01,4045100.0,2020-05-01,3117000.0,2020-03-01,2585000.0,2020-02-01,793000.0
WAT,36761766295.44796,monthly,2026-03-01,24603800,2025-07-01,23596000.0,2020-06-01,16705100.0,2020-03-01,15512700.0,2020-02-01,11049100.0,,,,,,,,,,
MU,1276967111827.1174,monthly,2026-03-01,1023284500,2020-03-01,826348600.0,2020-02-01,511448300.0,,,,,,,,,,,,,,
ACN,78928296854.51422,monthly,2026-03-01,174227700,2025-09-01,127828400.0,2020-03-01,105690400.0,2020-02-01,42168200.0,,,,,,,,,,,,
TPG,15253356936.45427,monthly,2026-03-01,80388700,2026-02-01,50957200.0,2025-05-01,48647200.0,2025-04-01,40690700.0,2025-03-01,36817600.0,2022-01-01,34057900.0,,,,,,,,
INTU,73231324343.75113,monthly,2026-03-01,80406000,2026-01-01,58464000.0,2020-03-01,54282200.0,2020-02-01,26559200.0,,,,,,,,,,,,
AGX,10731172954.69441,monthly,2026-03-01,14233800,2025-06-01,10992900.0,2025-01-01,10697200.0,2024-10-01,7447600.0,2024-09-01,6221900.0,2024-06-01,4821200.0,2020-04-01,4607000.0,2020-03-01,3216800.0,2020-02-01,2455800.0,,
JEF,10037626403.837383,monthly,2026-03-01,86318400,2025-10-01,82785200.0,2020-03-01,77427430.0,2020-02-01,43795918.0,,,,,,,,,,,,
GIS,19217861322.194347,monthly,2026-03-01,232687200,2020-03-01,181315800.0,2020-02-01,76937300.0,,,,,,,,,,,,,,
EL,29138963371.66307,monthly,2026-03-01,120529000,2024-11-01,115115100.0,2024-08-01,103817300.0,2023-11-01,79564800.0,2023-08-01,72048200.0,2020-03-01,66214400.0,2020-02-01,47328900.0,,,,,,
DVN,48685142101.40492,monthly,2026-03-01,421418500,2021-01-01,341477800.0,2020-03-01,324168500.0,2020-02-01,148007400.0,,,,,,,,,,,,
NWS,14503722413.688072,monthly,2026-03-01,43770800,2025-09-01,43277400.0,2020-03-01,37116700.0,2020-02-01,15647300.0,,,,,,,,,,,,
PAYX,35793257668.827545,monthly,2026-03-01,97395100,2020-03-01,96964500.0,2020-02-01,29988800.0,,,,,,,,,,,,,,
SF,10626140367.630894,monthly,2026-03-01,33039200,2021-06-01,32142700.0,2020-03-01,27407400.0,2020-02-01,12844950.0,,,,,,,,,,,,
BAM,71248610600.40341,monthly,2026-03-01,94651100,2025-06-01,62086300.0,2024-05-01,54068800.0,2023-03-01,46462000.0,2022-12-01,38380600.0,,,,,,,,,,
ARCC,13060836169.808784,monthly,2026-03-01,189468700,2020-03-01,176010900.0,2020-02-01,58517100.0,,,,,,,,,,,,,,
ROP,34141352898.978817,monthly,2026-01-01,31607700,2025-10-01,26135200.0,2020-03-01,18523300.0,2020-02-01,8855100.0,,,,,,,,,,,,
PEN,12453508767.552994,monthly,2026-01-01,33755600,2020-12-01,27569800.0,2020-11-01,10078600.0,2020-03-01,9765000.0,2020-02-01,6005500.0,,,,,,,,,,
RVMD,38709564142.75984,monthly,2026-01-01,114009700,2023-10-01,95926000.0,2023-03-01,39593500.0,2022-12-01,23309900.0,2022-06-01,21233200.0,2021-06-01,18022200.0,2021-04-01,15713200.0,2020-02-01,14623100.0,,,,
CSGP,12352760051.74581,monthly,2026-01-01,144454500,2022-09-01,123268900.0,2021-03-01,93908000.0,2020-03-01,79772000.0,2020-02-01,65604000.0,,,,,,,,,,
MTSI,28166874895.494656,monthly,2026-01-01,30617300,2025-09-01,24644600.0,2022-08-01,23224200.0,2021-03-01,16887900.0,2020-07-01,15593900.0,2020-03-01,13959400.0,2020-02-01,8644000.0,,,,,,
PHYS,14447918700.0,monthly,2026-01-01,221777600,2025-04-01,179294800.0,2022-03-01,123369400.0,2020-03-01,83866700.0,2020-02-01,30753200.0,,,,,,,,,,
PNFP,15267831764.026749,monthly,2026-01-01,39917700,2025-08-01,32754800.0,2025-07-01,32289900.0,2023-03-01,26407300.0,2020-03-01,19543900.0,2020-02-01,8662400.0,,,,,,,,
SCCO,142887093911.28198,monthly,2026-01-01,52073077,2021-06-01,41331942.0,2021-05-01,34382426.0,2021-03-01,31050513.0,2020-03-01,29140165.0,2020-02-01,16259959.0,,,,,,,,
INTC,644936296299.3818,monthly,2026-01-01,2945805500,2025-08-01,2840289900.0,2025-04-01,2422926400.0,2025-02-01,2309470800.0,2024-09-01,2132943300.0,2024-08-01,2013019200.0,2024-04-01,1262774700.0,2023-03-01,1193573500.0,2022-10-01,981043600.0,2021-01-01,962555600.0
UDR,12990127156.31918,monthly,2026-01-01,99620000,2024-01-01,70572200.0,2020-03-01,65950200.0,2020-02-01,35826400.0,,,,,,,,,,,,
WY,18249599245.718937,monthly,2026-01-01,165715300,2020-03-01,162986700.0,2020-02-01,83053500.0,,,,,,,,,,,,,,
RPM,14352878708.016651,monthly,2026-01-01,25825600,2020-03-01,25367400.0,2020-02-01,9895100.0,,,,,,,,,,,,,,
AEIS,13238851064.062803,monthly,2026-01-01,17499600,2025-11-01,10811200.0,2025-08-01,10520600.0,2025-04-01,9127500.0,2020-03-01,8408200.0,2020-02-01,5638800.0,,,,,,,,
CRH,75052247963.2559,monthly,2025-12-01,290858000,2025-03-01,245347000.0,2024-06-01,242303800.0,2023-09-01,173373700.0,2020-03-01,43263900.0,2020-02-01,13826100.0,,,,,,,,
SPXC,11608533965.93609,monthly,2025-12-01,16265700,2025-08-01,11954200.0,2020-03-01,8029600.0,2020-02-01,6142800.0,,,,,,,,,,,,
FIX,65273394312.5172,monthly,2025-12-01,16695100,2024-06-01,12429700.0,2023-12-01,12352600.0,2020-03-01,8753100.0,2020-02-01,4320700.0,,,,,,,,,,
WRB,26532163139.868088,monthly,2025-12-01,84672000,2020-03-01,75627225.0,2020-02-01,43550550.0,,,,,,,,,,,,,,
ULS,19964827489.13075,monthly,2025-12-01,50282300,2025-04-01,29316600.0,2024-04-01,29045500.0,,,,,,,,,,,,,,
OMC,20831102884.273323,monthly,2025-12-01,126124900,2025-07-01,101571000.0,2025-06-01,100013400.0,2025-03-01,98293900.0,2020-03-01,75509700.0,2020-02-01,46136100.0,,,,,,,,
LINE,10013118592.672142,monthly,2025-12-01,44762200,2024-07-01,41333800.0,,,,,,,,,,,,,,,,
HRL,14588849353.027288,monthly,2025-12-01,115568800,2025-10-01,113460200.0,2020-03-01,94317100.0,2020-02-01,47239700.0,,,,,,,,,,,,
CRBG,12753438946.508884,monthly,2025-12-01,153854900,2025-11-01,151198000.0,2024-05-01,124622700.0,2024-03-01,110329900.0,2023-11-01,100081900.0,2023-06-01,91876600.0,2023-03-01,48917700.0,2022-09-01,40659000.0,,,,
D,61029375097.29218,monthly,2025-12-01,159981900,2023-10-01,144112300.0,2022-11-01,142618400.0,2020-03-01,131464900.0,2020-02-01,65026800.0,,,,,,,,,,
COO,13851074824.628538,monthly,2025-12-01,70839400,2025-06-01,64913300.0,2025-03-01,53758300.0,2020-03-01,40424000.0,2020-02-01,18590800.0,,,,,,,,,,
GFS,43775351672.13167,monthly,2025-12-01,116226300,2025-09-01,75779500.0,2022-03-01,65145800.0,2021-11-01,60681800.0,2021-10-01,23258300.0,,,,,,,,,,
ARES,24229962515.3472,monthly,2025-12-01,108205100,2025-04-01,55870600.0,2025-03-01,43529800.0,2020-06-01,40133000.0,2020-03-01,28041200.0,2020-02-01,13854400.0,,,,,,,,
RVTY,12608485782.69497,monthly,2025-11-01,33784200,2025-04-01,33449600.0,2021-12-01,26061400.0,2021-03-01,25922800.0,2020-07-01,23761100.0,2020-03-01,23692400.0,2020-02-01,12170900.0,,,,,,
PFE,138439491505.94043,monthly,2025-11-01,1760347600,2025-10-01,1410205800.0,2025-04-01,1215932100.0,2025-03-01,1211689800.0,2023-12-01,1178554900.0,2020-12-01,1161346900.0,2020-11-01,1091575597.0,2020-03-01,1019616939.0,2020-02-01,586886279.0,,
LEN,22967600947.21073,monthly,2025-11-01,165729600,2020-03-01,136316956.0,2020-02-01,49346514.0,,,,,,,,,,,,,,
KMB,36304314269.48216,monthly,2025-11-01,167732900,2020-03-01,76242700.0,2020-02-01,29155900.0,,,,,,,,,,,,,,
Q,33117462981.47949,monthly,2025-11-01,72023700,2025-10-01,739100.0,,,,,,,,,,,,,,,,
SOLS,13131524833.501324,monthly,2025-11-01,103757100,2025-10-01,49160000.0,,,,,,,,,,,,,,,,
ONON,12270078682.9497,monthly,2025-11-01,196472300,2025-08-01,164352000.0,2025-04-01,149721300.0,2024-03-01,142925600.0,2023-03-01,127862900.0,2022-05-01,81580300.0,2022-03-01,66754500.0,2022-01-01,61182900.0,2021-11-01,48331700.0,2021-09-01,39201600.0
KNX,12448665542.782406,monthly,2025-10-01,116058000,2020-10-01,75135600.0,2020-03-01,73818800.0,2020-02-01,33051300.0,,,,,,,,,,,,
VZ,194330518390.5557,monthly,2025-10-01,762927200,2020-03-01,704952900.0,2020-02-01,324728000.0,,,,,,,,,,,,,,
TW,22073153141.01333,monthly,2025-10-01,39518500,2025-09-01,36392700.0,2025-04-01,31324300.0,2020-06-01,29259400.0,2020-04-01,22679800.0,2020-03-01,21645300.0,2020-02-01,20331200.0,,,,,,
JBS,13057178113.9867,monthly,2025-10-01,149917700,2025-08-01,121954400.0,2025-06-01,91759200.0,,,,,,,,,,,,,,
UPS,91919673833.58669,monthly,2025-10-01,186809600,2025-09-01,184660000.0,2025-08-01,172413900.0,2020-03-01,163951500.0,2020-02-01,98177400.0,,,,,,,,,,
JBHT,26432065605.910515,monthly,2025-10-01,38106300,2025-04-01,34831000.0,2022-04-01,27448600.0,2020-10-01,23140800.0,2020-03-01,22924400.0,2020-02-01,14073900.0,,,,,,,,
DECK,14521391710.559702,monthly,2025-10-01,115421200,2025-07-01,98179600.0,2025-05-01,89892000.0,2020-03-01,89146800.0,2020-02-01,56394600.0,,,,,,,,,,
STX,201783664001.17865,monthly,2025-10-01,123932400,2025-04-01,115850700.0,2021-01-01,102776300.0,2020-03-01,86871200.0,2020-02-01,63556800.0,,,,,,,,,,
DOC,15223343727.001884,monthly,2025-10-01,229859700,2024-02-01,203976000.0,2020-03-01,145084200.0,2020-02-01,66367800.0,,,,,,,,,,,,
HBAN,36062652876.07878,monthly,2025-10-01,881912900,2025-07-01,856575300.0,2023-03-01,730631600.0,2021-06-01,592605400.0,2020-03-01,414420200.0,2020-02-01,189732600.0,,,,,,,,
RGLD,17648009056.37645,monthly,2025-10-01,32701300,2020-03-01,23024100.0,2020-02-01,13843300.0,,,,,,,,,,,,,,
GLXY,11408476968.450811,monthly,2025-10-01,231522300,2025-07-01,209800500.0,2025-06-01,133817100.0,2025-05-01,47058500.0,,,,,,,,,,,,
BTSG,13537904362.723097,monthly,2025-10-01,118191700,2025-09-01,74413500.0,2025-06-01,66036200.0,2025-05-01,58547600.0,2024-02-01,50960900.0,2024-01-01,40103000.0,,,,,,,,
HPE,57880936113.3018,monthly,2025-10-01,878255100,2025-03-01,568699700.0,2024-06-01,526873700.0,2024-03-01,473059000.0,2020-03-01,343920600.0,2020-02-01,173105200.0,,,,,,,,
TRU,13563480214.2,monthly,2025-10-01,92422400,2025-09-01,92198200.0,2023-10-01,59346200.0,2020-03-01,45874000.0,2020-02-01,30411300.0,,,,,,,,,,
RF,25652589712.16878,monthly,2025-10-01,854677700,2020-03-01,444700300.0,2020-02-01,205590000.0,,,,,,,,,,,,,,
F,56303705805.1042,monthly,2025-10-01,3278600400,2025-04-01,3137334200.0,2025-03-01,3011273800.0,2022-01-01,2907578400.0,2020-03-01,2622835900.0,2020-02-01,1639965500.0,,,,,,,,
FISV,26369411023.0749,monthly,2025-10-01,281717500,2020-03-01,166273700.0,2020-02-01,74186900.0,,,,,,,,,,,,,,
WSO,16725013621.767387,monthly,2025-10-01,13868200,2025-09-01,10782700.0,2020-03-01,10202100.0,2020-02-01,4907000.0,,,,,,,,,,,,
UTHR,23034146043.33584,monthly,2025-09-01,22074700,2020-03-01,17099900.0,2020-02-01,11954000.0,,,,,,,,,,,,,,
RBRK,14887557620.904535,monthly,2025-09-01,117843500,2025-06-01,114118900.0,2024-12-01,86740600.0,2024-09-01,59837700.0,2024-04-01,31277700.0,,,,,,,,,,
AMRZ,30881358782.27523,monthly,2025-09-01,119574000,2025-07-01,56190100.0,2025-06-01,40987800.0,,,,,,,,,,,,,,
STZ,25089018528.688133,monthly,2025-09-01,67616300,2025-02-01,60987000.0,2020-03-01,59890400.0,2020-02-01,23198400.0,,,,,,,,,,,,
ORCL,427836368637.7428,monthly,2025-09-01,771912000,2020-03-01,500026300.0,2020-02-01,193548200.0,,,,,,,,,,,,,,
SNPS,86996714120.59187,monthly,2025-09-01,100835100,2025-07-01,53414400.0,2020-03-01,38563000.0,2020-02-01,29771000.0,,,,,,,,,,,,
KDP,45442686211.31611,monthly,2025-09-01,478598500,2022-06-01,366342600.0,2022-05-01,251801100.0,2020-10-01,163733200.0,2020-03-01,151854900.0,2020-02-01,43662600.0,,,,,,,,
FOX,20199822211.428474,monthly,2025-09-01,63341100,2020-03-01,62778600.0,2020-02-01,30512900.0,,,,,,,,,,,,,,
WBD,67040834721.71089,monthly,2025-09-01,1795819300,2025-07-01,1674494000.0,2025-06-01,1163339500.0,2025-04-01,911711000.0,2025-03-01,901953200.0,2024-08-01,796489000.0,2024-05-01,734229300.0,2022-12-01,726401400.0,2022-08-01,679738300.0,2022-04-01,618217200.0
LULU,13952025732.978226,monthly,2025-09-01,168934500,2025-06-01,91266700.0,2023-10-01,71549700.0,2020-03-01,68550800.0,2020-02-01,28145400.0,,,,,,,,,,
EME,35467784048.78735,monthly,2025-09-01,20249200,2020-03-01,15293600.0,2020-02-01,6936200.0,,,,,,,,,,,,,,
MDB,25256431033.303738,monthly,2025-08-01,85181100,2025-03-01,68155700.0,2024-12-01,61654900.0,2022-12-01,53912600.0,2022-09-01,51292700.0,2022-05-01,43239400.0,2022-03-01,38171000.0,2020-03-01,35699000.0,2020-02-01,22692700.0,,
JHX,15454367417.107996,monthly,2025-08-01,234404200,2025-07-01,157858200.0,2025-06-01,137644900.0,2025-04-01,71035100.0,2025-03-01,39372200.0,2022-11-01,3278300.0,2022-10-01,2373700.0,2020-03-01,2364300.0,2020-02-01,375600.0,,
ELAN,12271476725.43496,monthly,2025-08-01,225533400,2023-03-01,209267000.0,2022-09-01,168196200.0,2022-08-01,158525600.0,2020-03-01,142669700.0,2020-02-01,98903500.0,,,,,,,,
CNC,32457274935.624367,monthly,2025-07-01,577488100,2020-03-01,176776300.0,2020-02-01,109356600.0,,,,,,,,,,,,,,
CNA,13082899721.757135,monthly,2025-07-01,12279100,2025-06-01,11746500.0,2022-09-01,10285600.0,2020-03-01,9116600.0,2020-02-01,5235400.0,,,,,,,,,,
MEDP,15052955689.29466,monthly,2025-07-01,15751400,2025-04-01,15567800.0,2020-09-01,12371900.0,2020-03-01,11286800.0,2020-02-01,5403600.0,,,,,,,,,,
NSC,70255246757.28716,monthly,2025-07-01,61285500,2020-03-01,56678100.0,2020-02-01,32596800.0,,,,,,,,,,,,,,
CNH,13676653729.410795,monthly,2025-07-01,496410400,2025-03-01,469817200.0,2024-09-01,383957100.0,2023-12-01,335582400.0,2023-11-01,315749900.0,2023-06-01,203229100.0,2022-03-01,169616600.0,2022-02-01,146111300.0,2022-01-01,123729100.0,2021-11-01,105599191.0
MOH,11969453277.94177,monthly,2025-07-01,47246700,2022-03-01,23990500.0,2020-03-01,22562900.0,2020-02-01,12395900.0,,,,,,,,,,,,
TER,68387006794.28834,monthly,2025-07-01,100667000,2025-04-01,92472500.0,2025-03-01,81091200.0,2020-09-01,73767300.0,2020-03-01,56009600.0,2020-02-01,43434000.0,,,,,,,,
DOW,20930331473.678608,monthly,2025-07-01,369579100,2020-03-01,255939800.0,2020-02-01,97241300.0,,,,,,,,,,,,,,
KHC,28102928011.239883,monthly,2025-07-01,395661700,2025-06-01,289437500.0,2020-03-01,269491300.0,2020-02-01,230006400.0,,,,,,,,,,,,
ALB,15767862592.674934,monthly,2025-07-01,117258300,2024-03-01,91030200.0,2023-11-01,70846500.0,2023-10-01,62911300.0,2023-04-01,53751000.0,2020-03-01,49069500.0,2020-02-01,43872000.0,,,,,,
HAS,12073400369.401508,monthly,2025-07-01,58826600,2025-04-01,54752900.0,2020-03-01,52967900.0,2020-02-01,33799200.0,,,,,,,,,,,,
ICLR,13005727115.123632,monthly,2025-07-01,36994900,2025-04-01,36256200.0,2024-11-01,32595900.0,2021-07-01,30162300.0,2021-03-01,19477500.0,2020-03-01,10591000.0,2020-02-01,4441400.0,,,,,,
CRS,29402950827.570423,monthly,2025-06-01,24521100,2024-12-01,22362900.0,2020-07-01,21796900.0,2020-03-01,14089300.0,2020-02-01,5592100.0,,,,,,,,,,
SJM,12334408975.317331,monthly,2025-06-01,57459500,2020-03-01,33108200.0,2020-02-01,16922500.0,,,,,,,,,,,,,,
PEP,193247394605.25812,monthly,2025-06-01,223944700,2020-03-01,219268700.0,2020-02-01,94682300.0,,,,,,,,,,,,,,
BRO,21767231290.698666,monthly,2025-06-01,96168900,2021-09-01,75877700.0,2020-03-01,52316200.0,2020-02-01,30391900.0,,,,,,,,,,,,
NU,64014092097.13242,monthly,2025-06-01,1442042700,2024-08-01,1403080500.0,2022-05-01,955313500.0,2022-02-01,315128700.0,2021-12-01,279573900.0,,,,,,,,,,
FSLR,25688875073.8452,monthly,2025-05-01,125253100,2025-04-01,92240900.0,2020-10-01,82572000.0,2020-09-01,50239800.0,2020-03-01,44899300.0,2020-02-01,44593900.0,,,,,,,,
SEIC,10493817518.494823,monthly,2025-05-01,24771900,2020-03-01,23505700.0,2020-02-01,11533800.0,,,,,,,,,,,,,,
TECH,11116381203.804808,monthly,2025-05-01,59407100,2021-08-01,52051200.0,2021-05-01,29807200.0,2020-05-01,28918000.0,2020-03-01,26587200.0,2020-02-01,15849600.0,,,,,,,,
ONTO,16112934989.892168,monthly,2025-05-01,44068600,2025-04-01,24685800.0,2023-10-01,21637300.0,2020-03-01,10748200.0,2020-02-01,5827000.0,,,,,,,,,,
BDX,42962266133.82745,monthly,2025-05-01,107828713,2020-03-01,84511534.0,2020-02-01,63304577.0,,,,,,,,,,,,,,
ZBH,18011356580.12313,monthly,2025-05-01,63047400,2020-03-01,61291283.0,2020-02-01,26989296.0,,,,,,,,,,,,,,
AIZ,13101881348.216553,monthly,2025-05-01,16816600,2022-11-01,15075200.0,2020-03-01,14469500.0,2020-02-01,9407000.0,,,,,,,,,,,,
UNH,388585883986.09406,monthly,2025-05-01,626639300,2020-03-01,189875500.0,2020-02-01,94529600.0,,,,,,,,,,,,,,
RPRX,32381855792.411587,monthly,2025-05-01,128818300,2021-03-01,104143800.0,2020-06-01,69145700.0,,,,,,,,,,,,,,
CRL,10392188558.62912,monthly,2025-04-01,53172900,2025-02-01,28229700.0,2021-05-01,24578000.0,2020-03-01,13864900.0,2020-02-01,8806300.0,,,,,,,,,,
AMCR,19894734575.46197,monthly,2025-04-01,226426200,2025-03-01,115112900.0,2025-02-01,89357380.0,2020-03-01,68454980.0,2020-02-01,32374000.0,,,,,,,,,,
PSLV,11686571490.0,monthly,2025-04-01,1059076300,2025-03-01,904319600.0,2025-02-01,634492500.0,2025-01-01,433254200.0,2021-02-01,261785300.0,2020-08-01,116127500.0,2020-07-01,89633400.0,2020-03-01,65935500.0,2020-02-01,19152100.0,,
CGNX,11076878668.022842,monthly,2025-04-01,81076000,2024-02-01,50912200.0,2020-03-01,36821600.0,2020-02-01,23740500.0,,,,,,,,,,,,
GEHC,29913684884.452114,monthly,2025-04-01,144040700,2023-01-01,114969000.0,2022-12-01,8702000.0,,,,,,,,,,,,,,
EVR,13230198705.47269,monthly,2025-04-01,21413900,2020-03-01,16668900.0,2020-02-01,14556800.0,,,,,,,,,,,,,,
GPN,19093336456.681343,monthly,2025-04-01,102086300,2021-11-01,81337400.0,2020-03-01,80393000.0,2020-02-01,38857500.0,,,,,,,,,,,,
AGNC,12512428136.308851,monthly,2025-04-01,892781700,2025-03-01,534550800.0,2024-10-01,465654200.0,2022-10-01,444592300.0,2020-03-01,414708400.0,2020-02-01,163117700.0,,,,,,,,
ZBRA,11981227143.623116,monthly,2025-04-01,17882700,2020-03-01,16516100.0,2020-02-01,10592300.0,,,,,,,,,,,,,,
AVY,12679045325.561266,monthly,2025-04-01,23118800,2020-03-01,19387300.0,2020-02-01,10855900.0,,,,,,,,,,,,,,
SAIA,11482224858.642649,monthly,2025-04-01,22268600,2021-08-01,13229200.0,2020-03-01,10307700.0,2020-02-01,5973600.0,,,,,,,,,,,,
PLD,133255779689.52138,monthly,2025-04-01,153391300,2020-03-01,141838000.0,2020-02-01,105875700.0,,,,,,,,,,,,,,
SWK,14298802619.444263,monthly,2025-04-01,83294100,2022-03-01,61922100.0,2020-03-01,58499800.0,2020-02-01,25468900.0,,,,,,,,,,,,
SN,20534606634.18761,monthly,2025-04-01,53689100,2023-08-01,45365400.0,2023-07-01,1201400.0,,,,,,,,,,,,,,
LSCC,19011210011.76283,monthly,2025-04-01,86301100,2024-08-01,69734400.0,2023-05-01,69089100.0,2021-04-01,59148600.0,2020-03-01,55655500.0,2020-02-01,47364700.0,,,,,,,,
TXN,259763245245.45517,monthly,2025-04-01,238844200,2020-03-01,222491900.0,2020-02-01,94075700.0,,,,,,,,,,,,,,
EGP,11142921749.540768,monthly,2025-04-01,12521900,2022-06-01,12448500.0,2020-03-01,10559200.0,2020-02-01,3546100.0,,,,,,,,,,,,
AMT,81806164122.37712,monthly,2025-04-01,82845600,2020-03-01,77341400.0,2020-02-01,39997900.0,,,,,,,,,,,,,,
MCHP,47665027524.80674,monthly,2025-04-01,320896000,2020-03-01,282337800.0,2020-02-01,103259000.0,,,,,,,,,,,,,,
MKSI,26248326553.47705,monthly,2025-04-01,44183000,2025-03-01,27584700.0,2024-05-01,23409100.0,2022-11-01,20279500.0,2022-04-01,16660100.0,2021-02-01,12738300.0,2020-03-01,11951600.0,2020-02-01,7859100.0,,,,
ALLE,12006098955.729635,monthly,2025-04-01,25887100,2020-03-01,23675100.0,2020-02-01,15223400.0,,,,,,,,,,,,,,
FIVE,10415985428.295944,monthly,2025-04-01,74550500,2024-07-01,56039500.0,2020-03-01,47353000.0,2020-02-01,20198300.0,,,,,,,,,,,,
LFUS,11439688728.25045,monthly,2025-04-01,9262200,2020-03-01,4420300.0,2020-02-01,2054200.0,,,,,,,,,,,,,,
IDXX,43503976475.67664,monthly,2025-04-01,23109200,2020-03-01,22589200.0,2020-02-01,10263500.0,,,,,,,,,,,,,,
TLN,18343668281.09772,monthly,2025-03-01,31113400,2024-09-01,29642200.0,2024-07-01,22395500.0,2024-05-01,13881500.0,2024-03-01,7275700.0,2023-11-01,2452400.0,2023-07-01,2249000.0,2023-06-01,856300.0,,,,
EXE,21164577060.73779,monthly,2025-03-01,140249300,2022-06-01,64631100.0,2021-06-01,50636900.0,2021-05-01,26599300.0,2021-02-01,19936200.0,,,,,,,,,,
CCI,36059660822.17277,monthly,2025-03-01,92715200,2023-10-01,84558200.0,2020-03-01,80880200.0,2020-02-01,41665100.0,,,,,,,,,,,,
IBKR,152353772169.29996,monthly,2025-03-01,212050400,2025-02-01,168265200.0,2024-01-01,136820000.0,2023-03-01,128956800.0,2022-10-01,113546400.0,2022-09-01,109653600.0,2021-06-01,105323600.0,2020-03-01,95398000.0,2020-02-01,50764400.0,,
CCEP,45026477411.97189,monthly,2025-03-01,78183000,2023-12-01,68198700.0,2020-03-01,65772900.0,2020-02-01,22792800.0,,,,,,,,,,,,
CACI,10027685286.13058,monthly,2025-03-01,13106500,2025-02-01,9558000.0,2025-01-01,8629300.0,2021-03-01,6535100.0,2020-03-01,5224800.0,2020-02-01,3321500.0,,,,,,,,
FN,18803087801.096497,monthly,2025-03-01,19197500,2024-09-01,16989700.0,2024-02-01,12487600.0,2023-05-01,10678200.0,2020-03-01,9573900.0,2020-02-01,5417900.0,,,,,,,,
ESI,11123105413.170578,monthly,2025-03-01,110988000,2020-03-01,67245800.0,2020-02-01,40786900.0,,,,,,,,,,,,,,
DASH,79775747846.43394,monthly,2025-03-01,202603500,2022-05-01,167901100.0,2022-02-01,151700000.0,2022-01-01,97487300.0,2021-03-01,94488000.0,2020-12-01,92026800.0,,,,,,,,
IP,20524080277.89134,monthly,2025-02-01,289985800,2024-05-01,168303600.0,2024-04-01,143333800.0,2024-03-01,124786500.0,2020-03-01,107763849.0,2020-02-01,56059872.0,,,,,,,,
HII,11111541154.993694,monthly,2025-02-01,19415100,2024-12-01,13511400.0,2024-11-01,12825300.0,2022-03-01,12760000.0,2020-03-01,11917100.0,2020-02-01,7895700.0,,,,,,,,
WST,24786707000.70161,monthly,2025-02-01,29614000,2020-05-01,29137900.0,2020-03-01,14541700.0,2020-02-01,7817700.0,,,,,,,,,,,,
UMBF,11010077936.78544,monthly,2025-01-01,17413700,2023-03-01,15069000.0,2022-01-01,8129400.0,2020-03-01,7913600.0,2020-02-01,3275900.0,,,,,,,,,,
CEG,94810116251.13708,monthly,2025-01-01,123624700,2022-02-01,97310100.0,2022-01-01,1103300.0,,,,,,,,,,,,,,
EIX,29117357841.686157,monthly,2025-01-01,147347700,2020-06-01,87968500.0,2020-03-01,81941500.0,2020-02-01,34026600.0,,,,,,,,,,,,
FTAI,26679778143.794937,monthly,2025-01-01,104890500,2022-12-01,38582400.0,2022-11-01,26698800.0,2020-03-01,25608950.0,2020-02-01,13314973.0,,,,,,,,,,
APO,68196258295.33841,monthly,2024-12-01,194543100,2022-01-01,104083100.0,2020-03-01,91893900.0,2020-02-01,40413600.0,,,,,,,,,,,,
AJG,58061967783.11883,monthly,2024-12-01,61255900,2020-03-01,34943800.0,2020-02-01,17072600.0,,,,,,,,,,,,,,
HSY,36331322030.59129,monthly,2024-12-01,63310200,2024-03-01,52133800.0,2024-02-01,40159300.0,2020-03-01,37467600.0,2020-02-01,18416500.0,,,,,,,,,,
LII,19622657690.74897,monthly,2024-12-01,12937100,2020-03-01,12808100.0,2020-02-01,7353000.0,,,,,,,,,,,,,,
WDAY,30679869094.92757,monthly,2024-12-01,115538800,2022-05-01,85459400.0,2020-03-01,75811000.0,2020-02-01,38592900.0,,,,,,,,,,,,
APTV,12764950570.991123,monthly,2024-11-01,89267400,2020-06-01,88282600.0,2020-03-01,71411100.0,2020-02-01,29901600.0,,,,,,,,,,,,
TPL,27299388769.941746,monthly,2024-11-01,23994900,2021-03-01,23544900.0,2020-04-01,14650200.0,2020-03-01,11677500.0,2020-02-01,3161700.0,,,,,,,,,,
TGT,63763896310.45045,monthly,2024-11-01,195030300,2022-05-01,180705600.0,2020-03-01,169329200.0,2020-02-01,79191800.0,,,,,,,,,,,,
MPWR,64523415193.07113,monthly,2024-11-01,27474400,2022-10-01,20070200.0,2021-02-01,18907100.0,2020-11-01,12069300.0,2020-03-01,10886300.0,2020-02-01,7142000.0,,,,,,,,
LDOS,12799929331.5456,monthly,2024-11-01,35346100,2020-03-01,34063300.0,2020-02-01,22655200.0,,,,,,,,,,,,,,
MLI,14175152143.905052,monthly,2024-11-01,41011500,2023-03-01,26304200.0,2022-03-01,17150600.0,2020-03-01,15693600.0,2020-02-01,7848800.0,,,,,,,,,,
HUM,46084406371.31617,monthly,2024-10-01,85751100,2024-01-01,60478700.0,2020-03-01,53657700.0,2020-02-01,21879400.0,,,,,,,,,,,,
DG,26362308727.908302,monthly,2024-09-01,108705900,2023-09-01,108498300.0,2023-06-01,107852300.0,2020-03-01,81536600.0,2020-02-01,30941500.0,,,,,,,,,,
DLTR,23804666411.01075,monthly,2024-09-01,142243200,2021-11-01,121907500.0,2021-09-01,106244200.0,2020-03-01,98941600.0,2020-02-01,39342500.0,,,,,,,,,,
AHR,10641594862.824036,monthly,2024-09-01,68748000,2024-08-01,47585400.0,2024-06-01,32925100.0,2024-02-01,25031100.0,,,,,,,,,,,,
EW,52271123603.36871,monthly,2024-09-01,153481500,2020-03-01,152067600.0,2020-02-01,83382900.0,,,,,,,,,,,,,,
SBUX,119212619124.95346,monthly,2024-08-01,446264900,2020-03-01,445364500.0,2020-02-01,167202600.0,,,,,,,,,,,,,,
PNR,12349895751.916578,monthly,2024-07-01,45001300,2022-10-01,42590000.0,2020-03-01,39813200.0,2020-02-01,22152700.0,,,,,,,,,,,,
SW,24562568620.35653,monthly,2024-07-01,233807700,2024-06-01,297000.0,2021-02-01,169200.0,2020-12-01,130600.0,2020-09-01,42700.0,2020-04-01,36100.0,2020-03-01,6800.0,2020-02-01,4700.0,,,,
LPLA,21495391711.29611,monthly,2024-07-01,33946600,2020-03-01,33318100.0,2020-02-01,11914500.0,,,,,,,,,,,,,,
BMRN,11403781603.016563,monthly,2024-06-01,81619800,2020-08-01,77761000.0,2020-03-01,43952900.0,2020-02-01,25793300.0,,,,,,,,,,,,
KKR,80925288045.23355,monthly,2024-06-01,269667800,2020-03-01,142690500.0,2020-02-01,60800400.0,,,,,,,,,,,,,,
MNST,94260424183.00156,monthly,2024-06-01,314034100,2020-03-01,257130000.0,2020-02-01,134842400.0,,,,,,,,,,,,,,
DELL,258981801547.26395,monthly,2024-06-01,361401000,2024-05-01,293952000.0,2024-03-01,232587100.0,2020-03-01,187864129.0,2020-02-01,133433989.0,,,,,,,,,,
AAON,10384766500.94597,monthly,2024-05-01,31650500,2020-03-01,14878950.0,2020-02-01,4881300.0,,,,,,,,,,,,,,
CVS,133130253515.96274,monthly,2024-05-01,399242100,2020-03-01,333417100.0,2020-02-01,189298300.0,,,,,,,,,,,,,,
VST,55125962540.77451,monthly,2024-05-01,248818800,2021-03-01,197456300.0,2020-03-01,155594800.0,2020-02-01,94745800.0,,,,,,,,,,,,
VIK,46070183896.101456,monthly,2024-05-01,86081200,,,,,,,,,,,,,,,,,,
SOLV,13772584611.587526,monthly,2024-04-01,73677000,2024-03-01,3677800.0,,,,,,,,,,,,,,,,
GEV,280858076095.10614,monthly,2024-04-01,153512500,2024-03-01,7199500.0,,,,,,,,,,,,,,,,
SMTC,13949387898.621124,monthly,2024-04-01,85176900,2023-10-01,70541200.0,2023-06-01,44956200.0,2023-04-01,41087800.0,2023-03-01,39595800.0,2022-12-01,37040100.0,2022-10-01,30839600.0,2022-09-01,28066000.0,2022-08-01,24401900.0,2020-03-01,20305400.0
GL,13922481457.160032,monthly,2024-04-01,141278800,2020-03-01,20488200.0,2020-02-01,8827600.0,,,,,,,,,,,,,,
SNX,21405736015.08792,monthly,2024-04-01,29358700,2020-06-01,26567400.0,2020-03-01,22684800.0,2020-02-01,12559600.0,,,,,,,,,,,,
XEL,51333688573.29505,monthly,2024-03-01,167655600,2020-03-01,144962600.0,2020-02-01,62140900.0,,,,,,,,,,,,,,
AIT,12458321212.765556,monthly,2024-03-01,14189800,2020-03-01,7583300.0,2020-02-01,4367900.0,,,,,,,,,,,,,,
CMI,94642559697.31429,monthly,2024-03-01,141806900,2020-03-01,42849500.0,2020-02-01,28408000.0,,,,,,,,,,,,,,
PANW,247922996901.84927,monthly,2024-02-01,382642000,2023-06-01,341692800.0,2022-05-01,292148400.0,2020-03-01,268005000.0,2020-02-01,211177800.0,,,,,,,,,,
AMH,12266093913.217184,monthly,2024-02-01,123912200,2020-03-01,110283100.0,2020-02-01,35868600.0,,,,,,,,,,,,,,
CART,11154514869.812822,monthly,2024-02-01,139488800,2023-09-01,79895100.0,,,,,,,,,,,,,,,,
APD,61858468529.065735,monthly,2024-02-01,51485600,2020-03-01,41946100.0,2020-02-01,22887400.0,,,,,,,,,,,,,,
O,58858927005.94585,monthly,2024-01-01,190268900,2023-12-01,150780100.0,2023-10-01,148012100.0,2021-10-01,128635085.0,2020-03-01,110706564.0,2020-02-01,55969795.0,,,,,,,,
ADM,37009443377.18317,monthly,2024-01-01,180580600,2022-03-01,113627200.0,2020-03-01,103424900.0,2020-02-01,58755400.0,,,,,,,,,,,,
EVRG,20103042283.409992,monthly,2024-01-01,68112100,2020-05-01,66716800.0,2020-03-01,62458600.0,2020-02-01,46335700.0,,,,,,,,,,,,
NXT,16219316123.170612,monthly,2024-01-01,121836600,2023-10-01,55388300.0,2023-06-01,39022600.0,2023-03-01,38906500.0,2023-02-01,34464600.0,,,,,,,,,,
ES,27634360357.2919,monthly,2024-01-01,77240000,2020-03-01,71310300.0,2020-02-01,34791400.0,,,,,,,,,,,,,,
JBL,37833242629.64393,monthly,2023-12-01,63036900,2020-03-01,53870000.0,2020-02-01,25088400.0,,,,,,,,,,,,,,
SUN,13620711327.580343,monthly,2023-12-01,27273400,2020-03-01,26881600.0,2020-02-01,8601700.0,,,,,,,,,,,,,,
BURL,20189972530.875736,monthly,2023-11-01,57650100,2022-11-01,36594100.0,2020-03-01,32216900.0,2020-02-01,11699700.0,,,,,,,,,,,,
CG,14902941790.310265,monthly,2023-11-01,105949900,2023-03-01,91942900.0,2020-06-01,83617500.0,2020-03-01,77959000.0,2020-02-01,51117700.0,,,,,,,,,,
ATO,29239346368.83987,monthly,2023-11-01,31765900,2020-03-01,30341000.0,2020-02-01,19420700.0,,,,,,,,,,,,,,
NEM,102623842713.48946,monthly,2023-11-01,402674800,2023-10-01,327049000.0,2020-03-01,273121900.0,2020-02-01,168977700.0,,,,,,,,,,,,
WPC,16451509969.29898,monthly,2023-11-01,69585678,2020-06-01,39499632.0,2020-03-01,32372642.0,2020-02-01,11479614.0,,,,,,,,,,,,
NEE,184701213885.7149,monthly,2023-10-01,478105600,2020-03-01,428186400.0,2020-02-01,204372400.0,,,,,,,,,,,,,,
VLTO,22040076915.80589,monthly,2023-10-01,99087800,,,,,,,,,,,,,,,,,,
SUI,14941729718.713106,monthly,2023-10-01,31745500,2021-03-01,21219300.0,2020-04-01,20532500.0,2020-03-01,20450000.0,2020-02-01,8470000.0,,,,,,,,,,
HUBB,27320254839.400497,monthly,2023-10-01,24397188,2022-10-01,13828862.0,2022-09-01,10883715.0,2020-03-01,9748839.0,2020-02-01,7878616.0,,,,,,,,,,
NI,23530878550.657185,monthly,2023-10-01,146743800,2022-01-01,123354000.0,2021-03-01,118059300.0,2020-03-01,112554500.0,2020-02-01,75514700.0,,,,,,,,,,
ROL,20832931918.13902,monthly,2023-09-01,92211100,2020-03-01,71658150.0,2020-02-01,30569100.0,,,,,,,,,,,,,,
GLPI,12994218060.53884,monthly,2023-09-01,81985300,2020-03-01,81113600.0,2020-02-01,19996700.0,,,,,,,,,,,,,,
BX,140962735107.22894,monthly,2023-09-01,248215100,2020-03-01,229088100.0,2020-02-01,93920200.0,,,,,,,,,,,,,,
GDDY,11195252693.36547,monthly,2023-09-01,64897100,2020-03-01,63442100.0,2020-02-01,29869700.0,,,,,,,,,,,,,,
RMD,29053346544.59129,monthly,2023-09-01,39086700,2023-08-01,37282200.0,2020-03-01,26741100.0,2020-02-01,10045400.0,,,,,,,,,,,,
FNF,12572348474.184126,monthly,2023-09-01,93643899,2020-06-01,86068957.0,2020-03-01,85750807.0,2020-02-01,66108237.0,,,,,,,,,,,,
RBC,19941665230.006813,monthly,2023-09-01,9483300,2021-09-01,9187100.0,2020-03-01,4312900.0,2020-02-01,2037600.0,,,,,,,,,,,,
KVUE,36729764025.62447,monthly,2023-08-01,1707077400,2023-07-01,174147300.0,2023-05-01,166367700.0,,,,,,,,,,,,,,
GMED,11701209636.901949,monthly,2023-08-01,56950200,2023-02-01,46917600.0,2020-06-01,33645200.0,2020-03-01,31805700.0,2020-02-01,11155300.0,,,,,,,,,,
JNJ,613021903888.567,monthly,2023-08-01,1084863300,2020-03-01,355927400.0,2020-02-01,147288300.0,,,,,,,,,,,,,,
ERIE,11116812831.49117,monthly,2023-08-01,9134900,2023-06-01,4395300.0,2020-03-01,4110300.0,2020-02-01,1888300.0,,,,,,,,,,,,
ELS,12456608625.734152,monthly,2023-07-01,63361400,2020-03-01,38149600.0,2020-02-01,14099800.0,,,,,,,,,,,,,,
EXR,31522245462.998573,monthly,2023-07-01,54765700,2023-04-01,43683700.0,2020-03-01,38664300.0,2020-02-01,17863400.0,,,,,,,,,,,,
BWXT,18131455149.056988,monthly,2023-06-01,33205200,2020-03-01,23837100.0,2020-02-01,11775300.0,,,,,,,,,,,,,,
TWLO,29075320013.354366,monthly,2023-05-01,161217200,2022-11-01,160856500.0,2020-05-01,150275400.0,2020-03-01,86710300.0,2020-02-01,74947700.0,,,,,,,,,,
TSN,20207273193.836506,monthly,2023-05-01,119667000,2020-03-01,107201200.0,2020-02-01,62969100.0,,,,,,,,,,,,,,
NRG,31512938611.24546,monthly,2023-05-01,137150900,2021-03-01,116854800.0,2020-03-01,96911600.0,2020-02-01,48936300.0,,,,,,,,,,,,
ZION,10169928159.955286,monthly,2023-05-01,185283000,2023-03-01,170051500.0,2020-03-01,134098500.0,2020-02-01,43024900.0,,,,,,,,,,,,
FHN,12140723015.759,monthly,2023-05-01,461851200,2023-03-01,343128300.0,2022-03-01,304286200.0,2020-03-01,206651600.0,2020-02-01,101288100.0,,,,,,,,,,
XYL,27679407690.814533,monthly,2023-05-01,76606000,2023-01-01,39880900.0,2020-03-01,38516300.0,2020-02-01,33120000.0,,,,,,,,,,,,
ASND,16264761841.217793,monthly,2023-04-01,29536500,2022-05-01,15013200.0,2022-03-01,14355200.0,2022-01-01,6467300.0,2021-08-01,6444000.0,2020-04-01,6288500.0,2020-03-01,4898000.0,2020-02-01,2537600.0,,,,
KEY,25106114690.20163,monthly,2023-03-01,786993100,2020-03-01,411558200.0,2020-02-01,178370900.0,,,,,,,,,,,,,,
USB,94550579689.55788,monthly,2023-03-01,506196100,2020-03-01,337874500.0,2020-02-01,139239900.0,,,,,,,,,,,,,,
WMS,11841711677.898363,monthly,2023-03-01,35566800,2022-11-01,25451800.0,2021-06-01,18162800.0,2020-03-01,14003200.0,2020-02-01,8441400.0,,,,,,,,,,
PNC,98379319740.07324,monthly,2023-03-01,114627100,2020-03-01,90751700.0,2020-02-01,37342400.0,,,,,,,,,,,,,,
FITB,51034405183.797554,monthly,2023-03-01,356280200,2020-03-01,256752100.0,2020-02-01,89699000.0,,,,,,,,,,,,,,
BG,21446762707.335182,monthly,2023-03-01,76707600,2022-03-01,46276500.0,2020-03-01,42002700.0,2020-02-01,25104100.0,,,,,,,,,,,,
PODD,10961134759.594007,monthly,2023-03-01,34928900,2020-03-01,18356700.0,2020-02-01,13914900.0,,,,,,,,,,,,,,
MTB,34745557545.79068,monthly,2023-03-01,66833100,2022-04-01,42242200.0,2022-01-01,37109400.0,2020-03-01,31660500.0,2020-02-01,13694000.0,,,,,,,,,,
FWONA,22995480370.186115,monthly,2023-03-01,10126224,2020-03-01,8235632.0,2020-02-01,2660053.0,,,,,,,,,,,,,,
FCNCA,23832236270.20852,monthly,2023-03-01,7793800,2022-01-01,5503700.0,2020-10-01,2003900.0,2020-08-01,1377000.0,2020-03-01,1284300.0,2020-02-01,807000.0,,,,,,,,
FICO,27429971859.917618,monthly,2023-03-01,10379500,2020-03-01,9544800.0,2020-02-01,4916100.0,,,,,,,,,,,,,,
CFG,29770889238.154545,monthly,2023-03-01,232175000,2020-03-01,205850700.0,2020-02-01,81862700.0,,,,,,,,,,,,,,
TFC,62904442193.06216,monthly,2023-03-01,507560900,2020-03-01,255718800.0,2020-02-01,100682500.0,,,,,,,,,,,,,,
ALLY,14458693177.887089,monthly,2023-03-01,204816000,2020-03-01,178631700.0,2020-02-01,103162600.0,,,,,,,,,,,,,,
SCHW,157687419911.98535,monthly,2023-03-01,1027687000,2020-03-01,480783800.0,2020-02-01,221527400.0,,,,,,,,,,,,,,
P,22989126276.882133,monthly,2023-03-01,156033300,2021-03-01,147726800.0,2021-02-01,113494800.0,2020-08-01,102700200.0,2020-03-01,102478700.0,2020-02-01,73379000.0,,,,,,,,
BXP,10748775548.91427,monthly,2023-03-01,58528300,2020-05-01,42522700.0,2020-03-01,35171700.0,2020-02-01,15857800.0,,,,,,,,,,,,
FERG,46275505918.77455,monthly,2022-12-01,99582200,2022-11-01,49290000.0,2022-10-01,18572400.0,2022-06-01,16202500.0,2022-05-01,15821400.0,2022-03-01,9150100.0,2021-12-01,867700.0,2021-06-01,596600.0,2021-04-01,553100.0,2021-03-01,514100.0
FIS,19936029151.68859,monthly,2022-11-01,196515400,2020-03-01,144724700.0,2020-02-01,72452400.0,,,,,,,,,,,,,,
ACGL,34079461016.317825,monthly,2022-10-01,146318000,2021-02-01,69504400.0,2020-03-01,67148900.0,2020-02-01,29239000.0,,,,,,,,,,,,
GNRC,16401991559.48726,monthly,2022-10-01,57192600,2022-09-01,35365800.0,2020-02-01,33956000.0,,,,,,,,,,,,,,
PAG,11980172416.420149,monthly,2022-09-01,12834500,2020-03-01,12099200.0,2020-02-01,5791200.0,,,,,,,,,,,,,,
FDX,76003408795.89421,monthly,2022-09-01,117054000,2020-09-01,89341800.0,2020-03-01,87903300.0,2020-02-01,52595200.0,,,,,,,,,,,,
NLY,16817214426.82181,monthly,2022-09-01,322239975,2022-05-01,218764575.0,2020-03-01,178598625.0,2020-02-01,74897750.0,,,,,,,,,,,,
INVH,18094517130.46473,monthly,2022-09-01,232467300,2020-03-01,140552600.0,2020-02-01,69503700.0,,,,,,,,,,,,,,
OKTA,21600779001.3396,monthly,2022-09-01,168503700,2022-06-01,85331500.0,2022-03-01,83266900.0,2020-03-01,59759900.0,2020-02-01,28570100.0,,,,,,,,,,
PCG,38274667783.10305,monthly,2022-09-01,815874700,2020-07-01,632830600.0,2020-06-01,550439900.0,2020-03-01,316321100.0,2020-02-01,222143900.0,,,,,,,,,,
MMM,85542247056.44008,monthly,2022-08-01,364894336,2020-03-01,177930833.0,2020-02-01,91313882.0,,,,,,,,,,,,,,
COKE,12516084616.661833,monthly,2022-07-01,22352000,2020-03-01,20001000.0,2020-02-01,9371000.0,,,,,,,,,,,,,,
VICI,29088311171.748966,monthly,2022-06-01,564741900,2022-05-01,252236500.0,2022-04-01,238775300.0,2021-09-01,207836000.0,2020-03-01,181840800.0,2020-02-01,96095300.0,,,,,,,,
ROST,68409771878.29506,monthly,2022-05-01,124171800,2020-03-01,115816200.0,2020-02-01,32210900.0,,,,,,,,,,,,,,
TTWO,44287067800.08566,monthly,2022-05-01,96899800,2022-01-01,65790400.0,2020-03-01,60614200.0,2020-02-01,50570500.0,,,,,,,,,,,,
DKS,21406409817.6262,monthly,2022-05-01,94732600,2020-04-01,77515600.0,2020-03-01,70817700.0,2020-02-01,33847200.0,,,,,,,,,,,,
CPT,15727407131.437449,monthly,2022-04-01,42589100,2020-03-01,30327600.0,2020-02-01,11831100.0,,,,,,,,,,,,,,
LMT,116987975143.12224,monthly,2022-03-01,73002900,2020-03-01,60682600.0,2020-02-01,24227400.0,,,,,,,,,,,,,,
MKL,24027074126.79041,monthly,2022-03-01,1969900,2020-03-01,1765800.0,2020-02-01,817900.0,,,,,,,,,,,,,,
VTRS,19166226807.987556,monthly,2022-03-01,412462200,2020-11-01,392598000.0,2020-03-01,221572800.0,2020-02-01,117160100.0,,,,,,,,,,,,
PDD,104334965008.0,monthly,2022-03-01,658670200,2020-11-01,257950600.0,2020-07-01,207435800.0,2020-06-01,197781600.0,2020-05-01,191950600.0,2020-03-01,191843200.0,2020-02-01,156525400.0,,,,,,
BKR,56111402313.56375,monthly,2022-03-01,351123900,2021-10-01,238057900.0,2020-03-01,236691700.0,2020-02-01,137404800.0,,,,,,,,,,,,
GRMN,44840996031.90281,monthly,2022-03-01,34817400,2020-03-01,29895800.0,2020-02-01,18729900.0,,,,,,,,,,,,,,
SPGI,120815364478.87273,monthly,2022-03-01,70658600,2020-03-01,66962300.0,2020-02-01,29330500.0,,,,,,,,,,,,,,
CVX,340682726824.6323,monthly,2022-03-01,527470800,2020-03-01,475985200.0,2020-02-01,158458200.0,,,,,,,,,,,,,,
BABA,232651867063.28128,monthly,2022-03-01,1155393100,2021-08-01,659062400.0,2020-11-01,585599100.0,2020-05-01,504318700.0,2020-03-01,440289600.0,2020-02-01,329489900.0,,,,,,,,
XYZ,46317200517.505394,monthly,2022-03-01,515686200,2022-02-01,494313300.0,2020-03-01,433523400.0,2020-02-01,195431100.0,,,,,,,,,,,,
JD,30551629477.82305,monthly,2022-03-01,545483200,2020-03-01,521812300.0,2020-02-01,250972100.0,,,,,,,,,,,,,,
YUMC,14262670147.25734,monthly,2022-03-01,95152800,2020-03-01,79343400.0,2020-02-01,72805900.0,,,,,,,,,,,,,,
SE,54517248612.0,monthly,2022-03-01,227794100,2022-02-01,216284600.0,2022-01-01,208453700.0,2020-05-01,134205400.0,2020-03-01,132336500.0,2020-02-01,93629700.0,,,,,,,,
OXY,49721787993.10467,monthly,2022-03-01,1245122600,2020-04-01,1169628600.0,2020-03-01,1055006500.0,2020-02-01,218133300.0,,,,,,,,,,,,
HPQ,20924279561.67539,monthly,2022-03-01,443884700,2020-06-01,395150300.0,2020-03-01,334132000.0,2020-02-01,285928100.0,,,,,,,,,,,,
NDSN,16797290866.453226,monthly,2022-02-01,19119100,2020-05-01,8811200.0,2020-03-01,8696000.0,2020-02-01,4580800.0,,,,,,,,,,,,
META,1396767312604.5378,monthly,2022-02-01,1128039600,2020-03-01,649467700.0,2020-02-01,317547300.0,,,,,,,,,,,,,,
PYPL,39068454898.33081,monthly,2022-02-01,671591400,2021-11-01,434862600.0,2020-03-01,279586500.0,2020-02-01,149101200.0,,,,,,,,,,,,
WTS,11996010966.027409,monthly,2022-01-01,9876300,2020-09-01,5774100.0,2020-03-01,5073400.0,2020-02-01,3017200.0,,,,,,,,,,,,
PNW,13097908569.343027,monthly,2021-11-01,35489700,2021-10-01,35085200.0,2020-03-01,32210400.0,2020-02-01,20162800.0,,,,,,,,,,,,
KRYS,10973838725.164614,monthly,2021-11-01,14879900,2020-05-01,4971100.0,2020-03-01,4062700.0,2020-02-01,2131500.0,,,,,,,,,,,,
MRK,317767607665.0069,monthly,2021-10-01,420382400,2020-03-01,409400885.0,2020-02-01,276068458.0,,,,,,,,,,,,,,
WTW,25069326283.64729,monthly,2021-09-01,49799500,2021-08-01,42489800.0,2020-03-01,39961100.0,2020-02-01,14433400.0,,,,,,,,,,,,
UNM,14399033537.875843,monthly,2021-09-01,109566400,2020-03-01,89097500.0,2020-02-01,43247300.0,,,,,,,,,,,,,,
ADI,188458841846.98663,monthly,2021-08-01,123812900,2020-03-01,97867000.0,2020-02-01,52647600.0,,,,,,,,,,,,,,
DTM,15377607601.23352,monthly,2021-07-01,64513300,,,,,,,,,,,,,,,,,,
BIIB,31894047116.82011,monthly,2021-06-01,79201500,2020-11-01,54911700.0,2020-03-01,53919300.0,2020-02-01,41547800.0,,,,,,,,,,,,
DINO,12311009329.9072,monthly,2021-06-01,103927100,2020-03-01,95092900.0,2020-02-01,45539100.0,,,,,,,,,,,,,,
BAP,30548662588.22323,monthly,2021-05-01,16630100,2021-04-01,15437900.0,2020-11-01,13528100.0,2020-03-01,12279900.0,2020-02-01,6133500.0,,,,,,,,,,
ABNB,87729727724.71666,monthly,2021-05-01,233049300,2020-12-01,231751600.0,,,,,,,,,,,,,,,,
NUE,54607725225.587296,monthly,2021-05-01,87462400,2020-03-01,81563900.0,2020-02-01,46070400.0,,,,,,,,,,,,,,
OGE,10232039372.051888,monthly,2021-05-01,63539700,2020-03-01,60590900.0,2020-02-01,24553500.0,,,,,,,,,,,,,,
PTC,13366330463.481476,monthly,2021-04-01,38254600,2020-03-01,37427300.0,2020-02-01,11608500.0,,,,,,,,,,,,,,
WSM,28163811969.12434,monthly,2021-03-01,88701600,2020-03-01,81391600.0,2020-02-01,31440800.0,,,,,,,,,,,,,,
PSKY,10788828653.33192,monthly,2021-03-01,1235300500,2020-03-01,404605000.0,2020-02-01,251684600.0,,,,,,,,,,,,,,
BIDU,36443701323.20542,monthly,2021-03-01,470925300,2021-01-01,210366900.0,2020-12-01,198863400.0,2020-03-01,124339800.0,2020-02-01,79470700.0,,,,,,,,,,
NXPI,69939543285.30016,monthly,2021-03-01,148482300,2020-06-01,117115200.0,2020-05-01,110577400.0,2020-03-01,110055200.0,2020-02-01,63187300.0,,,,,,,,,,
FTI,25692350244.689243,monthly,2021-02-01,492946289,2020-03-01,264149761.0,2020-02-01,135606376.0,,,,,,,,,,,,,,
IFF,19492420165.746536,monthly,2021-02-01,161226300,2021-01-01,144324100.0,2020-03-01,40290000.0,2020-02-01,27339400.0,,,,,,,,,,,,
TRMB,11818754013.744028,monthly,2021-01-01,82509400,2020-03-01,64086400.0,2020-02-01,22056200.0,,,,,,,,,,,,,,
IRM,39404169039.78238,monthly,2021-01-01,106101000,2020-03-01,103944200.0,2020-02-01,61599400.0,,,,,,,,,,,,,,
GM,70420047989.74022,monthly,2021-01-01,628836300,2020-03-01,493637100.0,2020-02-01,246628900.0,,,,,,,,,,,,,,
DD,18527363737.9415,monthly,2021-01-01,916837221,2020-03-01,516865463.0,2020-02-01,338872603.0,,,,,,,,,,,,,,
NYT,11472827714.97506,monthly,2020-11-01,52814000,2020-03-01,42333300.0,2020-02-01,38265400.0,,,,,,,,,,,,,,
FRT,10871404302.468084,monthly,2020-11-01,25788400,2020-03-01,21938700.0,2020-02-01,11766000.0,,,,,,,,,,,,,,
NTNX,13440334647.768215,monthly,2020-08-01,116681700,2020-03-01,114282100.0,2020-02-01,66298900.0,,,,,,,,,,,,,,
FE,28036559931.84774,monthly,2020-07-01,397020400,2020-03-01,146013700.0,2020-02-01,72956600.0,,,,,,,,,,,,,,
RNR,13625093126.030376,monthly,2020-06-01,17495600,2020-03-01,11885400.0,2020-02-01,5520000.0,,,,,,,,,,,,,,
TDY,28922816360.38194,monthly,2020-06-01,13784800,2020-03-01,8383600.0,2020-02-01,3603600.0,,,,,,,,,,,,,,
RGA,14103673236.580145,monthly,2020-06-01,25596700,2020-03-01,24909200.0,2020-02-01,9587200.0,,,,,,,,,,,,,,
SPOT,94687080820.42184,monthly,2020-06-01,87808700,2020-05-01,38437500.0,2020-03-01,37636100.0,2020-02-01,34900100.0,,,,,,,,,,,,
AYI,10851037473.614738,monthly,2020-06-01,16307900,2020-05-01,12610200.0,2020-03-01,12129000.0,2020-02-01,6893300.0,,,,,,,,,,,,
WCC,16916669804.407156,monthly,2020-06-01,36347100,2020-03-01,31715900.0,2020-02-01,16606500.0,,,,,,,,,,,,,,
SPG,73576326936.00226,monthly,2020-06-01,252206000,2020-04-01,169853700.0,2020-03-01,152072700.0,2020-02-01,58024100.0,,,,,,,,,,,,
CNP,29463794851.402985,monthly,2020-06-01,239684400,2020-03-01,228768500.0,2020-02-01,117401900.0,,,,,,,,,,,,,,
LUV,25372243472.553463,monthly,2020-06-01,572792700,2020-05-01,560121600.0,2020-04-01,450738100.0,2020-03-01,247156000.0,2020-02-01,89591700.0,,,,,,,,,,
IVZ,11596640239.115578,monthly,2020-06-01,204548400,2020-03-01,195597800.0,2020-02-01,96592000.0,,,,,,,,,,,,,,
WMG,14062755104.429062,monthly,2020-06-01,95118700,,,,,,,,,,,,,,,,,,
TMUS,197697164747.6837,monthly,2020-06-01,270165500,2020-03-01,150423200.0,2020-02-01,125702900.0,,,,,,,,,,,,,,
WFC,256627481070.1329,monthly,2020-06-01,1222761300,2020-03-01,1116095800.0,2020-02-01,428717900.0,,,,,,,,,,,,,,
APG,17991932200.98728,monthly,2020-06-01,124709550,2020-05-01,24310050.0,2020-04-01,4893900.0,,,,,,,,,,,,,,
NTES,73997349030.85446,monthly,2020-06-01,127340500,2020-03-01,120710500.0,2020-02-01,73220500.0,,,,,,,,,,,,,,
ECL,79829750340.9367,monthly,2020-06-01,154748200,2020-05-01,79930300.0,2020-03-01,51501200.0,2020-02-01,26518500.0,,,,,,,,,,,,
TYL,12414098227.329325,monthly,2020-06-01,16974500,2020-03-01,8177100.0,2020-02-01,5672100.0,,,,,,,,,,,,,,
ZS,21387703452.719223,monthly,2020-06-01,95934100,2020-03-01,75809600.0,2020-02-01,50553600.0,,,,,,,,,,,,,,
BA,171258672390.1499,monthly,2020-06-01,1465133000,2020-04-01,818969800.0,2020-03-01,743744400.0,2020-02-01,118286400.0,,,,,,,,,,,,
BLK,157094246962.63376,monthly,2020-05-01,50183500,2020-03-01,32132000.0,2020-02-01,14725600.0,,,,,,,,,,,,,,
AFG,11563920905.071014,monthly,2020-05-01,20703000,2020-03-01,18566700.0,2020-02-01,7903300.0,,,,,,,,,,,,,,
BJ,11348164124.305874,monthly,2020-05-01,88842900,2020-03-01,81785600.0,2020-02-01,27446900.0,,,,,,,,,,,,,,
KIM,17459953052.151257,monthly,2020-05-01,208613200,2020-03-01,173253200.0,2020-02-01,79386200.0,,,,,,,,,,,,,,
CINF,28474733873.726223,monthly,2020-05-01,36154200,2020-03-01,29090300.0,2020-02-01,15752900.0,,,,,,,,,,,,,,
APA,11668051152.85248,monthly,2020-04-01,724485700,2020-03-01,383021500.0,2020-02-01,80756200.0,,,,,,,,,,,,,,
CCL,40211888831.85137,monthly,2020-04-01,2088134000,2020-03-01,1153701500.0,2020-02-01,200800300.0,,,,,,,,,,,,,,
ZM,25358722790.87065,monthly,2020-04-01,371457600,2020-03-01,335926000.0,2020-02-01,143712000.0,,,,,,,,,,,,,,
AA,14276442029.579882,monthly,2020-04-01,221266900,2020-03-01,217134200.0,2020-02-01,109242800.0,,,,,,,,,,,,,,
OTIS,28084177709.93725,monthly,2020-04-01,190482800,2020-03-01,728000.0,,,,,,,,,,,,,,,,
DAL,60817964950.91956,monthly,2020-04-01,1351787400,2020-03-01,823679400.0,2020-02-01,165222100.0,,,,,,,,,,,,,,
CARR,61122414899.13554,monthly,2020-04-01,468019400,2020-03-01,1370800.0,,,,,,,,,,,,,,,,
COF,125667968180.32211,monthly,2020-04-01,133795900,2020-03-01,132167900.0,2020-02-01,47409600.0,,,,,,,,,,,,,,
WTFC,10879998741.764084,monthly,2020-04-01,20417900,2020-03-01,17738200.0,2020-02-01,5571300.0,,,,,,,,,,,,,,
AMAT,497685517580.6691,monthly,2020-03-01,278980900,2020-02-01,190762000.0,,,,,,,,,,,,,,,,
RJF,29220761766.638985,monthly,2020-03-01,67883250,2020-02-01,29606400.0,,,,,,,,,,,,,,,,
ITW,77020172004.97,monthly,2020-03-01,59383000,2020-02-01,25077000.0,,,,,,,,,,,,,,,,
H,18613865615.788845,monthly,2020-03-01,51458000,2020-02-01,18140100.0,,,,,,,,,,,,,,,,
AFL,61154536725.83355,monthly,2020-03-01,157291400,2020-02-01,68406400.0,,,,,,,,,,,,,,,,
WMB,95296025335.98865,monthly,2020-03-01,525076900,2020-02-01,239330900.0,,,,,,,,,,,,,,,,
SLB,70267705294.03206,monthly,2020-03-01,645079000,2020-02-01,233007800.0,,,,,,,,,,,,,,,,
VRSN,23261420565.55352,monthly,2020-03-01,22406000,2020-02-01,13332200.0,,,,,,,,,,,,,,,,
TROW,23627179023.10476,monthly,2020-03-01,63478600,2020-02-01,24126100.0,,,,,,,,,,,,,,,,
LHX,54258402818.66942,monthly,2020-03-01,47697000,2020-02-01,28351600.0,,,,,,,,,,,,,,,,
CQP,29299796612.379185,monthly,2020-03-01,18291000,2020-02-01,6646200.0,,,,,,,,,,,,,,,,
BWA,13970379112.633078,monthly,2020-03-01,118579544,2020-02-01,88630378.0,,,,,,,,,,,,,,,,
ORI,10041732921.427391,monthly,2020-03-01,66531300,2020-02-01,29178200.0,,,,,,,,,,,,,,,,
HWM,107576904699.3498,monthly,2020-03-01,174427736,2020-02-01,113904007.0,,,,,,,,,,,,,,,,
PEG,41649702157.83783,monthly,2020-03-01,115042700,2020-02-01,58502100.0,,,,,,,,,,,,,,,,
LYV,41762639067.50316,monthly,2020-03-01,186912000,2020-02-01,51542400.0,,,,,,,,,,,,,,,,
MS,334431709756.5485,monthly,2020-03-01,581476100,2020-02-01,311578100.0,,,,,,,,,,,,,,,,
DRI,24478420350.67682,monthly,2020-03-01,116294300,2020-02-01,28245700.0,,,,,,,,,,,,,,,,
PHM,26212827341.390327,monthly,2020-03-01,140594500,2020-02-01,64893800.0,,,,,,,,,,,,,,,,
ETN,156360637266.4485,monthly,2020-03-01,105687200,2020-02-01,60126400.0,,,,,,,,,,,,,,,,
EOG,70626534380.23802,monthly,2020-03-01,221951000,2020-02-01,74092300.0,,,,,,,,,,,,,,,,
PSX,68820495368.32208,monthly,2020-03-01,140475100,2020-02-01,66557700.0,,,,,,,,,,,,,,,,
DGX,23232966589.79616,monthly,2020-03-01,59968400,2020-02-01,19548100.0,,,,,,,,,,,,,,,,
STLD,35402796298.19175,monthly,2020-03-01,81391300,2020-02-01,41525100.0,,,,,,,,,,,,,,,,
FLEX,53749347588.063614,monthly,2020-03-01,196218185,2020-02-01,128484255.0,,,,,,,,,,,,,,,,
EWBC,17736906737.120777,monthly,2020-03-01,64135800,2020-02-01,23762100.0,,,,,,,,,,,,,,,,
EXC,48500065356.42352,monthly,2020-03-01,303079735,2020-02-01,160827906.0,,,,,,,,,,,,,,,,
FTNT,110886326360.75468,monthly,2020-03-01,341949500,2020-02-01,156654500.0,,,,,,,,,,,,,,,,
GILD,158771944425.49997,monthly,2020-03-01,582236500,2020-02-01,448223200.0,,,,,,,,,,,,,,,,
PWR,103221879339.20578,monthly,2020-03-01,55040000,2020-02-01,29447200.0,,,,,,,,,,,,,,,,
MAA,16377669804.033602,monthly,2020-03-01,27290200,2020-02-01,12611900.0,,,,,,,,,,,,,,,,
CL,73673429734.69403,monthly,2020-03-01,178573700,2020-02-01,91015500.0,,,,,,,,,,,,,,,,
EPD,79119864944.73044,monthly,2020-03-01,416742700,2020-02-01,144894300.0,,,,,,,,,,,,,,,,
ESS,18979396745.715164,monthly,2020-03-01,16055100,2020-02-01,8737200.0,,,,,,,,,,,,,,,,
ELV,85818226514.83922,monthly,2020-03-01,70547500,2020-02-01,36031400.0,,,,,,,,,,,,,,,,
NDAQ,44428888675.70483,monthly,2020-03-01,110197500,2020-02-01,57560400.0,,,,,,,,,,,,,,,,
UHAL,11720404801.458649,monthly,2020-03-01,17563000,2020-02-01,13181000.0,,,,,,,,,,,,,,,,
PAA,15415867746.063828,monthly,2020-03-01,253340300,2020-02-01,102756200.0,,,,,,,,,,,,,,,,
ARMK,14741175810.373491,monthly,2020-03-01,197341730,2020-02-01,74373812.0,,,,,,,,,,,,,,,,
WELL,160475524014.83755,monthly,2020-03-01,153915800,2020-02-01,50928800.0,,,,,,,,,,,,,,,,
IBM,255301020658.0168,monthly,2020-03-01,198819809,2020-02-01,123581342.0,,,,,,,,,,,,,,,,
DVA,13933967377.444317,monthly,2020-03-01,47654300,2020-02-01,27877900.0,,,,,,,,,,,,,,,,
VMC,40399182921.025024,monthly,2020-03-01,43697100,2020-02-01,23237400.0,,,,,,,,,,,,,,,,
QSR,33924356129.156902,monthly,2020-03-01,110310400,2020-02-01,51239600.0,,,,,,,,,,,,,,,,
EQR,25620053766.682148,monthly,2020-03-01,76791100,2020-02-01,26567300.0,,,,,,,,,,,,,,,,
CMG,42766350235.90212,monthly,2020-03-01,1201250000,2020-02-01,597480000.0,,,,,,,,,,,,,,,,
PKG,21521778114.48982,monthly,2020-03-01,27338800,2020-02-01,16990600.0,,,,,,,,,,,,,,,,
SYK,127547948653.75397,monthly,2020-03-01,79241900,2020-02-01,26452600.0,,,,,,,,,,,,,,,,
BEN,17257150425.36294,monthly,2020-03-01,161592200,2020-02-01,107787400.0,,,,,,,,,,,,,,,,
CSL,15715824661.560093,monthly,2020-03-01,14964500,2020-02-01,10367800.0,,,,,,,,,,,,,,,,
MDLZ,78033071115.52744,monthly,2020-03-01,286698600,2020-02-01,136852200.0,,,,,,,,,,,,,,,,
AXP,232236613160.1217,monthly,2020-03-01,227466200,2020-02-01,73480200.0,,,,,,,,,,,,,,,,
GD,93760849565.57014,monthly,2020-03-01,65950400,2020-02-01,33988600.0,,,,,,,,,,,,,,,,
UNP,159322942630.50052,monthly,2020-03-01,147653000,2020-02-01,66903200.0,,,,,,,,,,,,,,,,
MCD,191666066815.73135,monthly,2020-03-01,179708700,2020-02-01,69371600.0,,,,,,,,,,,,,,,,
DCI,10260446793.1864,monthly,2020-03-01,19105400,2020-02-01,6712200.0,,,,,,,,,,,,,,,,
ABBV,447616966582.3026,monthly,2020-03-01,368182500,2020-02-01,204706800.0,,,,,,,,,,,,,,,,
CMS,24345952104.910896,monthly,2020-03-01,87556300,2020-02-01,37908600.0,,,,,,,,,,,,,,,,
SYY,39603081080.97044,monthly,2020-03-01,206223400,2020-02-01,58181500.0,,,,,,,,,,,,,,,,
SO,109528583669.12688,monthly,2020-03-01,198723300,2020-02-01,105049300.0,,,,,,,,,,,,,,,,
GOOG,4065043637714.511,monthly,2020-03-01,1427842000,2020-02-01,741612000.0,,,,,,,,,,,,,,,,
COR,55669760089.36086,monthly,2020-03-01,59843200,2020-02-01,31022700.0,,,,,,,,,,,,,,,,
AMGN,193393661936.99423,monthly,2020-03-01,99346700,2020-02-01,50052800.0,,,,,,,,,,,,,,,,
BMY,117459939252.7821,monthly,2020-03-01,446510800,2020-02-01,253899500.0,,,,,,,,,,,,,,,,
UBER,155112643725.11832,monthly,2020-03-01,1095827100,2020-02-01,776946900.0,,,,,,,,,,,,,,,,
MDT,103658063107.9732,monthly,2020-03-01,227930900,2020-02-01,110683600.0,,,,,,,,,,,,,,,,
AMP,40706300775.38039,monthly,2020-03-01,33624600,2020-02-01,14850800.0,,,,,,,,,,,,,,,,
DE,165536437634.1035,monthly,2020-03-01,60612000,2020-02-01,36923800.0,,,,,,,,,,,,,,,,
NVR,18432438799.443653,monthly,2020-03-01,1131200,2020-02-01,505400.0,,,,,,,,,,,,,,,,
MCK,89390027677.0532,monthly,2020-03-01,214101000,2020-02-01,82117000.0,,,,,,,,,,,,,,,,
AON,70200610432.06923,monthly,2020-03-01,63255600,2020-02-01,20696800.0,,,,,,,,,,,,,,,,
TMO,190652957603.51205,monthly,2020-03-01,71140900,2020-02-01,37132400.0,,,,,,,,,,,,,,,,
MTD,25537357357.976383,monthly,2020-03-01,5642400,2020-02-01,3507000.0,,,,,,,,,,,,,,,,
CTSH,18968995876.41456,monthly,2020-03-01,130854800,2020-02-01,84889100.0,,,,,,,,,,,,,,,,
LRCX,474078986060.7951,monthly,2020-03-01,630925000,2020-02-01,394519000.0,,,,,,,,,,,,,,,,
MET,55303388378.64056,monthly,2020-03-01,247939300,2020-02-01,129350600.0,,,,,,,,,,,,,,,,
EQT,32962693015.11908,monthly,2020-03-01,299310300,2020-02-01,190086100.0,,,,,,,,,,,,,,,,
MO,123221272715.38986,monthly,2020-03-01,382935800,2020-02-01,207589500.0,,,,,,,,,,,,,,,,
CHRW,21138171698.778866,monthly,2020-03-01,58542500,2020-02-01,27712700.0,,,,,,,,,,,,,,,,
GWW,63908146893.50452,monthly,2020-03-01,11512800,2020-02-01,6552300.0,,,,,,,,,,,,,,,,
TEL,57719480172.84491,monthly,2020-03-01,71186900,2020-02-01,35050900.0,,,,,,,,,,,,,,,,
PGR,131090029676.71246,monthly,2020-03-01,115539700,2020-02-01,56973600.0,,,,,,,,,,,,,,,,
SNA,20570540761.198902,monthly,2020-03-01,17273100,2020-02-01,11744600.0,,,,,,,,,,,,,,,,
TJX,171704218127.43686,monthly,2020-03-01,304666600,2020-02-01,114969200.0,,,,,,,,,,,,,,,,
SHW,84859914453.65417,monthly,2020-03-01,70396800,2020-02-01,33886500.0,,,,,,,,,,,,,,,,
FCX,89775609322.05334,monthly,2020-03-01,790444900,2020-02-01,554981800.0,,,,,,,,,,,,,,,,
TSCO,16368073451.15252,monthly,2020-03-01,236743500,2020-02-01,145254000.0,,,,,,,,,,,,,,,,
IR,31843078541.325096,monthly,2020-03-01,236274600,2020-02-01,45212200.0,,,,,,,,,,,,,,,,
PSA,56956281214.19255,monthly,2020-03-01,37789200,2020-02-01,21706500.0,,,,,,,,,,,,,,,,
MAR,99492357626.28188,monthly,2020-03-01,214077000,2020-02-01,50986700.0,,,,,,,,,,,,,,,,
DY,14662857953.652176,monthly,2020-03-01,26890500,2020-02-01,12791700.0,,,,,,,,,,,,,,,,
KR,35594047700.0469,monthly,2020-03-01,371582700,2020-02-01,132084900.0,,,,,,,,,,,,,,,,
PRU,37562749571.16696,monthly,2020-03-01,128853600,2020-02-01,42344500.0,,,,,,,,,,,,,,,,
CHKP,13555474678.705635,monthly,2020-03-01,49232100,2020-02-01,24365300.0,,,,,,,,,,,,,,,,
LECO,14604051940.125675,monthly,2020-03-01,13240900,2020-02-01,7839600.0,,,,,,,,,,,,,,,,
SYF,26458881888.482166,monthly,2020-03-01,281423200,2020-02-01,143855200.0,,,,,,,,,,,,,,,,
CPRT,28283541322.966724,monthly,2020-03-01,270559600,2020-02-01,167664800.0,,,,,,,,,,,,,,,,
J,14841585635.221235,monthly,2020-03-01,41498501,2020-02-01,26206117.0,,,,,,,,,,,,,,,,
EBAY,47894280000.0,monthly,2020-03-01,368561100,2020-02-01,308100100.0,,,,,,,,,,,,,,,,
CDNS,104057109016.45796,monthly,2020-03-01,67986000,2020-02-01,38312800.0,,,,,,,,,,,,,,,,
CBRE,40232999925.22514,monthly,2020-03-01,67260400,2020-02-01,28546900.0,,,,,,,,,,,,,,,,
KMI,73841960683.68344,monthly,2020-03-01,631110400,2020-02-01,274747200.0,,,,,,,,,,,,,,,,
ROK,53057649463.57413,monthly,2020-03-01,39335600,2020-02-01,16098900.0,,,,,,,,,,,,,,,,
PPL,27852011913.05676,monthly,2020-03-01,194288900,2020-02-01,112149500.0,,,,,,,,,,,,,,,,
PFGC,17349001801.111958,monthly,2020-03-01,69034200,2020-02-01,19816500.0,,,,,,,,,,,,,,,,
HD,347854131688.9792,monthly,2020-03-01,221563200,2020-02-01,86009000.0,,,,,,,,,,,,,,,,
OC,10902728847.155216,monthly,2020-03-01,45868300,2020-02-01,27510500.0,,,,,,,,,,,,,,,,
MSFT,2770583136248.3843,monthly,2020-03-01,1612695500,2020-02-01,887522300.0,,,,,,,,,,,,,,,,
HST,17163074253.794231,monthly,2020-03-01,420250300,2020-02-01,179144900.0,,,,,,,,,,,,,,,,
R,10095648606.88642,monthly,2020-03-01,28737200,2020-02-01,22551000.0,,,,,,,,,,,,,,,,
ARW,11001468307.754662,monthly,2020-03-01,19867600,2020-02-01,12937200.0,,,,,,,,,,,,,,,,
MCO,78616746720.05757,monthly,2020-03-01,42073600,2020-02-01,18893000.0,,,,,,,,,,,,,,,,
CSX,88558898173.6897,monthly,2020-03-01,527835000,2020-02-01,251199900.0,,,,,,,,,,,,,,,,
FTV,18742855551.828285,monthly,2020-03-01,132544740,2020-02-01,62451388.0,,,,,,,,,,,,,,,,
STT,46527303705.224655,monthly,2020-03-01,102372400,2020-02-01,53725900.0,,,,,,,,,,,,,,,,
LIN,240375974934.5677,monthly,2020-03-01,92970700,2020-02-01,42077100.0,,,,,,,,,,,,,,,,
MSI,66877958836.71565,monthly,2020-03-01,41323500,2020-02-01,20514900.0,,,,,,,,,,,,,,,,
TT,105640202001.84932,monthly,2020-03-01,59854000,2020-02-01,45644908.0,,,,,,,,,,,,,,,,
OHI,14312363892.921043,monthly,2020-03-01,92753100,2020-02-01,32779500.0,,,,,,,,,,,,,,,,
EQH,12010159099.81752,monthly,2020-03-01,139941400,2020-02-01,62528700.0,,,,,,,,,,,,,,,,
RL,24478438836.10797,monthly,2020-03-01,37284100,2020-02-01,23072300.0,,,,,,,,,,,,,,,,
MPC,74169415690.0893,monthly,2020-03-01,319374200,2020-02-01,147143500.0,,,,,,,,,,,,,,,,
RS,19693499124.08793,monthly,2020-03-01,17869500,2020-02-01,10217700.0,,,,,,,,,,,,,,,,
MSCI,40393081512.04165,monthly,2020-03-01,26360100,2020-02-01,12354200.0,,,,,,,,,,,,,,,,
EXPE,31541683115.18948,monthly,2020-03-01,126591000,2020-02-01,65187800.0,,,,,,,,,,,,,,,,
CPAY,21731529531.70203,monthly,2020-03-01,38334300,2020-02-01,18850900.0,,,,,,,,,,,,,,,,
LH,22260539694.22168,monthly,2020-03-01,38436908,2020-02-01,16805134.0,,,,,,,,,,,,,,,,
DHI,47156454207.9824,monthly,2020-03-01,157333900,2020-02-01,74319900.0,,,,,,,,,,,,,,,,
NTRS,32174169358.673862,monthly,2020-03-01,55127100,2020-02-01,24440600.0,,,,,,,,,,,,,,,,
WYNN,10424338662.537333,monthly,2020-03-01,167360500,2020-02-01,63472800.0,,,,,,,,,,,,,,,,
MPLX,57352752065.60513,monthly,2020-03-01,163050500,2020-02-01,78235400.0,,,,,,,,,,,,,,,,
ODFL,45501378310.75444,monthly,2020-03-01,58138500,2020-02-01,24508200.0,,,,,,,,,,,,,,,,
CTAS,68774975759.44469,monthly,2020-03-01,118586400,2020-02-01,41720400.0,,,,,,,,,,,,,,,,
PCAR,63512225398.7952,monthly,2020-03-01,96617250,2020-02-01,62200050.0,,,,,,,,,,,,,,,,
ITT,17256882452.47436,monthly,2020-03-01,29637200,2020-02-01,15927700.0,,,,,,,,,,,,,,,,
OKE,56211533046.70443,monthly,2020-03-01,220345700,2020-02-01,50387700.0,,,,,,,,,,,,,,,,
HEI,40974095496.31705,monthly,2020-03-01,30051500,2020-02-01,14282300.0,,,,,,,,,,,,,,,,
ED,41297441681.59858,monthly,2020-03-01,88614700,2020-02-01,36651200.0,,,,,,,,,,,,,,,,
AEE,32745251025.899235,monthly,2020-03-01,60463000,2020-02-01,35905900.0,,,,,,,,,,,,,,,,
AVGO,1736611896901.1675,monthly,2020-03-01,1195556000,2020-02-01,458786000.0,,,,,,,,,,,,,,,,
APH,201413984416.2097,monthly,2020-03-01,235122400,2020-02-01,116682000.0,,,,,,,,,,,,,,,,
CMCSA,82768537560.61612,monthly,2020-03-01,964893436,2020-02-01,450821693.0,,,,,,,,,,,,,,,,
LAMR,15840263260.67958,monthly,2020-03-01,32113200,2020-02-01,8466300.0,,,,,,,,,,,,,,,,
RTX,253162997924.45087,monthly,2020-03-01,418295352,2020-02-01,162492731.0,,,,,,,,,,,,,,,,
DHR,138857524702.34915,monthly,2020-03-01,125348322,2020-02-01,56829428.0,,,,,,,,,,,,,,,,
BALL,16451370360.052795,monthly,2020-03-01,75808100,2020-02-01,48743700.0,,,,,,,,,,,,,,,,
SSNC,15331494470.412563,monthly,2020-03-01,69963000,2020-02-01,30972600.0,,,,,,,,,,,,,,,,
XPO,23653415224.140877,monthly,2020-03-01,124054103,2020-02-01,70089702.0,,,,,,,,,,,,,,,,
ANET,198450331886.09973,monthly,2020-03-01,413214400,2020-02-01,278273600.0,,,,,,,,,,,,,,,,
USFD,21649990604.60528,monthly,2020-03-01,132822100,2020-02-01,33631700.0,,,,,,,,,,,,,,,,
T,157866259599.24353,monthly,2020-03-01,1883263293,2020-02-01,922054388.0,,,,,,,,,,,,,,,,
SRE,61623362485.11292,monthly,2020-03-01,142952800,2020-02-01,56315200.0,,,,,,,,,,,,,,,,
FAST,54072448000.08952,monthly,2020-03-01,359943400,2020-02-01,157631600.0,,,,,,,,,,,,,,,,
YUM,43109909418.66469,monthly,2020-03-01,88784600,2020-02-01,40261700.0,,,,,,,,,,,,,,,,
DTE,32125810635.79877,monthly,2020-03-01,65320958,2020-02-01,31764720.0,,,,,,,,,,,,,,,,
CLX,11794667924.597672,monthly,2020-03-01,81433200,2020-02-01,32087600.0,,,,,,,,,,,,,,,,
EXPD,21022059323.9572,monthly,2020-03-01,55609800,2020-02-01,31730200.0,,,,,,,,,,,,,,,,
KEYS,56166472082.20891,monthly,2020-03-01,56174900,2020-02-01,40262100.0,,,,,,,,,,,,,,,,
AWK,25909819072.106155,monthly,2020-03-01,45718000,2020-02-01,23698200.0,,,,,,,,,,,,,,,,
TXT,15862152052.142826,monthly,2020-03-01,64767800,2020-02-01,38687100.0,,,,,,,,,,,,,,,,
WEC,38712496668.415474,monthly,2020-03-01,68611600,2020-02-01,28453400.0,,,,,,,,,,,,,,,,
A,38413567391.17585,monthly,2020-03-01,70839900,2020-02-01,43628100.0,,,,,,,,,,,,,,,,
JCI,84440002309.50856,monthly,2020-03-01,219500100,2020-02-01,114217800.0,,,,,,,,,,,,,,,,
MAS,16132703096.781109,monthly,2020-03-01,112873400,2020-02-01,68842300.0,,,,,,,,,,,,,,,,
BAC,410750638723.9905,monthly,2020-03-01,2826499000,2020-02-01,1072992000.0,,,,,,,,,,,,,,,,
EMR,80368743472.2684,monthly,2020-03-01,167836000,2020-02-01,67393100.0,,,,,,,,,,,,,,,,
ABT,163939377254.45776,monthly,2020-03-01,311358400,2020-02-01,102112300.0,,,,,,,,,,,,,,,,
ETR,53073662455.85682,monthly,2020-03-01,106306000,2020-02-01,57040400.0,,,,,,,,,,,,,,,,
DLR,67821371770.95719,monthly,2020-03-01,142278500,2020-02-01,48969100.0,,,,,,,,,,,,,,,,
V,633499281870.2192,monthly,2020-03-01,417986300,2020-02-01,199936300.0,,,,,,,,,,,,,,,,
MA,440926039848.9146,monthly,2020-03-01,213426300,2020-02-01,106284500.0,,,,,,,,,,,,,,,,
CB,132430958010.01244,monthly,2020-03-01,77981300,2020-02-01,39077300.0,,,,,,,,,,,,,,,,
EG,14068495445.506851,monthly,2020-03-01,11913800,2020-02-01,6043100.0,,,,,,,,,,,,,,,,
ULTA,20998128589.01693,monthly,2020-03-01,38556400,2020-02-01,16251300.0,,,,,,,,,,,,,,,,
HCA,86890212619.03552,monthly,2020-03-01,98315100,2020-02-01,35829000.0,,,,,,,,,,,,,,,,
MELI,84922849068.02347,monthly,2020-03-01,17970900,2020-02-01,16501100.0,,,,,,,,,,,,,,,,
VLO,77015451759.48239,monthly,2020-03-01,192397000,2020-02-01,67941800.0,,,,,,,,,,,,,,,,
LLY,1137736553855.2617,monthly,2020-03-01,150278300,2020-02-01,73120500.0,,,,,,,,,,,,,,,,
PH,122167619392.3541,monthly,2020-03-01,48360000,2020-02-01,20034400.0,,,,,,,,,,,,,,,,
TRV,69613492017.0892,monthly,2020-03-01,79789400,2020-02-01,28374900.0,,,,,,,,,,,,,,,,
TDG,74087389036.8767,monthly,2020-03-01,28394500,2020-02-01,8683800.0,,,,,,,,,,,,,,,,
NOC,71020990356.09325,monthly,2020-03-01,35857000,2020-02-01,20584700.0,,,,,,,,,,,,,,,,
CI,74807118833.67719,monthly,2020-03-01,91914100,2020-02-01,46880500.0,,,,,,,,,,,,,,,,
CAT,459471616500.0807,monthly,2020-03-01,157650200,2020-02-01,73414400.0,,,,,,,,,,,,,,,,
GS,300792501542.2654,monthly,2020-03-01,133808200,2020-02-01,61711300.0,,,,,,,,,,,,,,,,
ALL,61680630412.264114,monthly,2020-03-01,66906300,2020-02-01,35665400.0,,,,,,,,,,,,,,,,
TOL,15342330223.558737,monthly,2020-03-01,92248800,2020-02-01,49656100.0,,,,,,,,,,,,,,,,
MLM,36991876335.12035,monthly,2020-03-01,23179400,2020-02-01,13236100.0,,,,,,,,,,,,,,,,
JPM,881693237874.0941,monthly,2020-03-01,734330700,2020-02-01,240714700.0,,,,,,,,,,,,,,,,
AZO,51077140498.73705,monthly,2020-03-01,9864600,2020-02-01,5027000.0,,,,,,,,,,,,,,,,
COST,422431311586.9005,monthly,2020-03-01,125473600,2020-02-01,43434600.0,,,,,,,,,,,,,,,,
URI,70268137563.56467,monthly,2020-03-01,56476800,2020-02-01,22678500.0,,,,,,,,,,,,,,,,
LNT,19951901869.66793,monthly,2020-03-01,62593700,2020-02-01,30462700.0,,,,,,,,,,,,,,,,
KO,355514114424.84546,monthly,2020-03-01,693439800,2020-02-01,245599100.0,,,,,,,,,,,,,,,,
HAL,28578956068.88982,monthly,2020-03-01,855633600,2020-02-01,228826000.0,,,,,,,,,,,,,,,,
CW,27605024357.43179,monthly,2020-03-01,10275300,2020-02-01,4322200.0,,,,,,,,,,,,,,,,
BPOP,10699707444.74532,monthly,2020-03-01,38588000,2020-02-01,14662400.0,,,,,,,,,,,,,,,,
JLL,14616759819.364431,monthly,2020-03-01,18108600,2020-02-01,6796600.0,,,,,,,,,,,,,,,,
LOW,124746109774.579,monthly,2020-03-01,202085300,2020-02-01,87816100.0,,,,,,,,,,,,,,,,
CME,80081420701.24443,monthly,2020-03-01,78193000,2020-02-01,40484100.0,,,,,,,,,,,,,,,,
CTVA,55257910864.833374,monthly,2020-03-01,146898200,2020-02-01,89775900.0,,,,,,,,,,,,,,,,
VTR,44308582674.1759,monthly,2020-03-01,186644600,2020-02-01,53136100.0,,,,,,,,,,,,,,,,
BN,95754245581.51865,monthly,2020-03-01,248869774,2020-02-01,86749064.0,,,,,,,,,,,,,,,,
AVB,26972715814.51673,monthly,2020-03-01,33483600,2020-02-01,14439700.0,,,,,,,,,,,,,,,,
IEX,16815480384.448942,monthly,2020-03-01,20944600,2020-02-01,8203400.0,,,,,,,,,,,,,,,,
REG,14979149351.740936,monthly,2020-03-01,44071400,2020-02-01,22886200.0,,,,,,,,,,,,,,,,
RSG,66575433087.81737,monthly,2020-03-01,46943500,2020-02-01,24544900.0,,,,,,,,,,,,,,,,
HLT,75775035873.7406,monthly,2020-03-01,190763100,2020-02-01,53650900.0,,,,,,,,,,,,,,,,
AEP,75461928206.14117,monthly,2020-03-01,118911500,2020-02-01,57689000.0,,,,,,,,,,,,,,,,
ADSK,41410859067.98998,monthly,2020-03-01,74123200,2020-02-01,32482300.0,,,,,,,,,,,,,,,,
GE,384991441234.6806,monthly,2020-03-01,512354815,2020-02-01,235792796.0,,,,,,,,,,,,,,,,
AMZN,2503071719899.4946,monthly,2020-03-01,3276182000,2020-02-01,1850202000.0,,,,,,,,,,,,,,,,
CDW,17029536268.812689,monthly,2020-03-01,43687500,2020-02-01,24160300.0,,,,,,,,,,,,,,,,
EA,51466740216.93206,monthly,2020-03-01,116497800,2020-02-01,55140000.0,,,,,,,,,,,,,,,,
L,23303325428.189808,monthly,2020-03-01,45839300,2020-02-01,21644500.0,,,,,,,,,,,,,,,,
SGI,16393947311.101412,monthly,2020-03-01,187078800,2020-02-01,103214000.0,,,,,,,,,,,,,,,,
WWD,25717153762.8194,monthly,2020-03-01,25635700,2020-02-01,12867900.0,,,,,,,,,,,,,,,,
AAPL,4167977919594.3657,monthly,2020-03-01,6280072400,2020-02-01,3019279200.0,,,,,,,,,,,,,,,,
BNY,98536577105.5441,monthly,2020-03-01,206985800,2020-02-01,102113700.0,,,,,,,,,,,,,,,,
C,243105275883.05807,monthly,2020-03-01,763972700,2020-02-01,302892000.0,,,,,,,,,,,,,,,,
IQV,31901263580.37654,monthly,2020-03-01,62139900,2020-02-01,35777400.0,,,,,,,,,,,,,,,,
PG,347007841024.9673,monthly,2020-03-01,343541300,2020-02-01,149843900.0,,,,,,,,,,,,,,,,
DOV,30428091068.266808,monthly,2020-03-01,36588700,2020-02-01,18319900.0,,,,,,,,,,,,,,,,
MRSH,81437721282.1867,monthly,2020-03-01,89034000,2020-02-01,33051500.0,,,,,,,,,,,,,,,,
HON,147140598486.69385,monthly,2020-03-01,142307264,2020-02-01,64282704.0,,,,,,,,,,,,,,,,
TXRH,12921784908.526625,monthly,2020-03-01,48567600,2020-02-01,21372800.0,,,,,,,,,,,,,,,,
DIS,171549961856.8755,monthly,2020-03-01,619320800,2020-02-01,294996800.0,,,,,,,,,,,,,,,,
WM,90567378429.41504,monthly,2020-03-01,101421200,2020-02-01,41392200.0,,,,,,,,,,,,,,,,
PPG,27470195590.20686,monthly,2020-03-01,63021400,2020-02-01,35306000.0,,,,,,,,,,,,,,,,
TPR,29498529633.0,monthly,2020-03-01,148215500,2020-02-01,92843100.0,,,,,,,,,,,,,,,,
ORLY,74211437423.46489,monthly,2020-03-01,431397000,2020-02-01,289530000.0,,,,,,,,,,,,,,,,
GGG,12683287972.243353,monthly,2020-03-01,29825200,2020-02-01,14276400.0,,,,,,,,,,,,,,,,
CSCO,448417043441.5398,monthly,2020-03-01,991833100,2020-02-01,560728700.0,,,,,,,,,,,,,,,,
CHD,23594844405.30066,monthly,2020-03-01,60828800,2020-02-01,29529400.0,,,,,,,,,,,,,,,,
WMT,920670161552.411,monthly,2020-03-01,956864400,2020-02-01,397242300.0,,,,,,,,,,,,,,,,
AME,54440296565.91459,monthly,2020-03-01,60441800,2020-02-01,31634200.0,,,,,,,,,,,,,,,,
BIP,16910020669.760923,monthly,2020-03-01,35592138,2020-02-01,9922752.0,,,,,,,,,,,,,,,,
COP,129090430887.74287,monthly,2020-03-01,343213100,2020-02-01,157156000.0,,,,,,,,,,,,,,,,
XOM,565951112204.8378,monthly,2020-03-01,1171277200,2020-02-01,479874900.0,,,,,,,,,,,,,,,,
AU,41218708353.960175,monthly,2020-03-01,125140200,2020-02-01,67023300.0,,,,,,,,,,,,,,,,
ICE,70044378560.42107,monthly,2020-03-01,126974700,2020-02-01,112381200.0,,,,,,,,,,,,,,,,
CAH,55722257336.54627,monthly,2020-03-01,83305700,2020-02-01,64241000.0,,,,,,,,,,,,,,,,
DUK,100100151456.73828,monthly,2020-03-01,135526700,2020-02-01,74116600.0,,,,,,,,,,,,,,,,
WAB,45733134792.84015,monthly,2020-03-01,63699600,2020-02-01,27069600.0,,,,,,,,,,,,,,,,
PM,281740669593.3367,monthly,2020-03-01,203373000,2020-02-01,108421400.0,,,,,,,,,,,,,,,,
MGM,12585322049.555082,monthly,2020-03-01,766741700,2020-02-01,180737400.0,,,,,,,,,,,,,,,,
TKO,41260343942.806274,monthly,2020-02-01,64034200,,,,,,,,,,,,,,,,,,
