ticker,timeframe,hvd_date,hvd_volume,days_since_hvd,hvd_count,all_hvd_details,latest_date,latest_volume,latest_close,volume_ratio,data_points
AMD,daily,2025-10-06,248859600,4,10,"[{'date': Timestamp('2025-10-08 00:00:00'), 'volume': 159983500}, {'date': Timestamp('2025-10-06 00:00:00'), 'volume': 248859600}, {'date': Timestamp('2025-08-06 00:00:00'), 'volume': 133641800}, {'date': Timestamp('2024-01-31 00:00:00'), 'volume': 133157300}, {'date': Timestamp('2024-01-30 00:00:00'), 'volume': 122265700}, {'date': Timestamp('2024-01-25 00:00:00'), 'volume': 127171400}, {'date': Timestamp('2024-01-24 00:00:00'), 'volume': 125516400}, {'date': Timestamp('2024-01-22 00:00:00'), 'volume': 122973800}, {'date': Timestamp('2024-01-19 00:00:00'), 'volume': 140367900}, {'date': Timestamp('2024-01-18 00:00:00'), 'volume': 131864900}]",2025-10-10,118656600,214.8999938964844,0.47680137716206245,446
EA,daily,2025-09-29,22698500,11,10,"[{'date': Timestamp('2025-09-30 00:00:00'), 'volume': 8930100}, {'date': Timestamp('2025-09-29 00:00:00'), 'volume': 22698500}, {'date': Timestamp('2025-09-26 00:00:00'), 'volume': 14485700}, {'date': Timestamp('2025-09-19 00:00:00'), 'volume': 8449800}, {'date': Timestamp('2025-03-21 00:00:00'), 'volume': 9254800}, {'date': Timestamp('2025-02-24 00:00:00'), 'volume': 8240000}, {'date': Timestamp('2025-02-05 00:00:00'), 'volume': 8250400}, {'date': Timestamp('2025-02-04 00:00:00'), 'volume': 7156600}, {'date': Timestamp('2025-01-24 00:00:00'), 'volume': 9249700}, {'date': Timestamp('2025-01-23 00:00:00'), 'volume': 17146900}]",2025-10-10,3524100,200.0200042724609,0.15525695530541667,446
CTSH,daily,2025-09-19,14575000,21,10,"[{'date': Timestamp('2025-09-19 00:00:00'), 'volume': 14575000}, {'date': Timestamp('2025-07-31 00:00:00'), 'volume': 10133400}, {'date': Timestamp('2025-06-20 00:00:00'), 'volume': 11686500}, {'date': Timestamp('2025-05-30 00:00:00'), 'volume': 9241300}, {'date': Timestamp('2025-03-21 00:00:00'), 'volume': 9505300}, {'date': Timestamp('2025-03-10 00:00:00'), 'volume': 9940000}, {'date': Timestamp('2025-02-24 00:00:00'), 'volume': 8623500}, {'date': Timestamp('2024-06-27 00:00:00'), 'volume': 8942700}, {'date': Timestamp('2024-03-28 00:00:00'), 'volume': 11104800}, {'date': Timestamp('2024-03-18 00:00:00'), 'volume': 11544200}]",2025-10-10,3851500,65.51338958740234,0.26425385934819895,446
APP,daily,2025-09-19,73131600,21,10,"[{'date': Timestamp('2025-09-19 00:00:00'), 'volume': 73131600}, {'date': Timestamp('2025-08-07 00:00:00'), 'volume': 20738700}, {'date': Timestamp('2025-06-27 00:00:00'), 'volume': 18537800}, {'date': Timestamp('2025-04-04 00:00:00'), 'volume': 16840300}, {'date': Timestamp('2025-03-27 00:00:00'), 'volume': 20188900}, {'date': Timestamp('2025-03-10 00:00:00'), 'volume': 16713700}, {'date': Timestamp('2025-02-26 00:00:00'), 'volume': 31783300}, {'date': Timestamp('2025-02-13 00:00:00'), 'volume': 19398900}, {'date': Timestamp('2024-11-15 00:00:00'), 'volume': 24367500}, {'date': Timestamp('2024-11-07 00:00:00'), 'volume': 18592800}]",2025-10-10,6479100,569.8900146484375,0.08859508064913116,446
INTC,daily,2025-09-18,523908000,22,10,"[{'date': Timestamp('2025-09-26 00:00:00'), 'volume': 268583300}, {'date': Timestamp('2025-09-25 00:00:00'), 'volume': 295709300}, {'date': Timestamp('2025-09-18 00:00:00'), 'volume': 523908000}, {'date': Timestamp('2025-08-19 00:00:00'), 'volume': 297659200}, {'date': Timestamp('2025-08-15 00:00:00'), 'volume': 310161100}, {'date': Timestamp('2025-07-25 00:00:00'), 'volume': 245077700}, {'date': Timestamp('2025-02-18 00:00:00'), 'volume': 284292200}, {'date': Timestamp('2025-02-13 00:00:00'), 'volume': 248661300}, {'date': Timestamp('2024-09-20 00:00:00'), 'volume': 260377900}, {'date': Timestamp('2024-08-02 00:00:00'), 'volume': 300895900}]",2025-10-10,183063300,36.369998931884766,0.34941879108545776,446
WBD,daily,2025-09-11,298443300,29,10,"[{'date': Timestamp('2025-09-19 00:00:00'), 'volume': 168257000}, {'date': Timestamp('2025-09-15 00:00:00'), 'volume': 106766000}, {'date': Timestamp('2025-09-12 00:00:00'), 'volume': 286212700}, {'date': Timestamp('2025-09-11 00:00:00'), 'volume': 298443300}, {'date': Timestamp('2025-07-24 00:00:00'), 'volume': 127485000}, {'date': Timestamp('2025-07-18 00:00:00'), 'volume': 117779100}, {'date': Timestamp('2025-07-17 00:00:00'), 'volume': 125223100}, {'date': Timestamp('2025-07-16 00:00:00'), 'volume': 105446400}, {'date': Timestamp('2025-06-20 00:00:00'), 'volume': 106521700}, {'date': Timestamp('2025-06-09 00:00:00'), 'volume': 155057800}]",2025-10-10,44142700,17.100000381469727,0.14790983748001715,446
SNPS,daily,2025-09-10,21155800,30,10,"[{'date': Timestamp('2025-09-22 00:00:00'), 'volume': 4831800}, {'date': Timestamp('2025-09-19 00:00:00'), 'volume': 6099800}, {'date': Timestamp('2025-09-18 00:00:00'), 'volume': 8240300}, {'date': Timestamp('2025-09-12 00:00:00'), 'volume': 6689000}, {'date': Timestamp('2025-09-11 00:00:00'), 'volume': 15275600}, {'date': Timestamp('2025-09-10 00:00:00'), 'volume': 21155800}, {'date': Timestamp('2025-07-16 00:00:00'), 'volume': 7936000}, {'date': Timestamp('2025-07-14 00:00:00'), 'volume': 5084300}, {'date': Timestamp('2025-05-28 00:00:00'), 'volume': 4806200}, {'date': Timestamp('2024-12-05 00:00:00'), 'volume': 5081500}]",2025-10-10,3588200,438.9200134277344,0.16960833435748116,446
LULU,daily,2025-09-05,36788900,35,10,"[{'date': Timestamp('2025-09-08 00:00:00'), 'volume': 13919800}, {'date': Timestamp('2025-09-05 00:00:00'), 'volume': 36788900}, {'date': Timestamp('2025-09-04 00:00:00'), 'volume': 15476700}, {'date': Timestamp('2025-06-06 00:00:00'), 'volume': 16112200}, {'date': Timestamp('2025-03-28 00:00:00'), 'volume': 12915200}, {'date': Timestamp('2024-12-06 00:00:00'), 'volume': 10952000}, {'date': Timestamp('2024-07-25 00:00:00'), 'volume': 9370500}, {'date': Timestamp('2024-06-06 00:00:00'), 'volume': 12294700}, {'date': Timestamp('2024-05-22 00:00:00'), 'volume': 8918100}, {'date': Timestamp('2024-03-22 00:00:00'), 'volume': 19680100}]",2025-10-10,7424400,167.50999450683594,0.20181087230115605,446
MRVL,daily,2025-08-29,96830800,42,10,"[{'date': Timestamp('2025-09-25 00:00:00'), 'volume': 43286000}, {'date': Timestamp('2025-09-24 00:00:00'), 'volume': 50429500}, {'date': Timestamp('2025-08-29 00:00:00'), 'volume': 96830800}, {'date': Timestamp('2025-07-30 00:00:00'), 'volume': 45527600}, {'date': Timestamp('2025-06-20 00:00:00'), 'volume': 46009100}, {'date': Timestamp('2025-06-18 00:00:00'), 'volume': 55359800}, {'date': Timestamp('2025-05-30 00:00:00'), 'volume': 48347500}, {'date': Timestamp('2025-03-06 00:00:00'), 'volume': 60967000}, {'date': Timestamp('2024-12-04 00:00:00'), 'volume': 59995900}, {'date': Timestamp('2024-03-08 00:00:00'), 'volume': 40992400}]",2025-10-10,30545700,85.61000061035156,0.31545438021786454,446
INTU,daily,2025-08-22,6368800,49,10,"[{'date': Timestamp('2025-09-19 00:00:00'), 'volume': 4226700}, {'date': Timestamp('2025-08-26 00:00:00'), 'volume': 3762900}, {'date': Timestamp('2025-08-22 00:00:00'), 'volume': 6368800}, {'date': Timestamp('2025-05-27 00:00:00'), 'volume': 4079800}, {'date': Timestamp('2025-05-23 00:00:00'), 'volume': 5327700}, {'date': Timestamp('2025-02-26 00:00:00'), 'volume': 4674200}, {'date': Timestamp('2024-12-20 00:00:00'), 'volume': 3451000}, {'date': Timestamp('2024-08-23 00:00:00'), 'volume': 4113400}, {'date': Timestamp('2024-06-21 00:00:00'), 'volume': 3682500}, {'date': Timestamp('2024-05-24 00:00:00'), 'volume': 4252600}]",2025-10-10,3059300,641.7899780273438,0.48035736716492905,446
CSX,daily,2025-08-22,81210900,49,10,"[{'date': Timestamp('2025-09-29 00:00:00'), 'volume': 34268100}, {'date': Timestamp('2025-08-26 00:00:00'), 'volume': 34655300}, {'date': Timestamp('2025-08-25 00:00:00'), 'volume': 64361400}, {'date': Timestamp('2025-08-22 00:00:00'), 'volume': 81210900}, {'date': Timestamp('2025-08-19 00:00:00'), 'volume': 42854400}, {'date': Timestamp('2025-07-29 00:00:00'), 'volume': 42665900}, {'date': Timestamp('2025-07-25 00:00:00'), 'volume': 31707900}, {'date': Timestamp('2025-07-24 00:00:00'), 'volume': 34910300}, {'date': Timestamp('2025-07-23 00:00:00'), 'volume': 32168300}, {'date': Timestamp('2025-04-07 00:00:00'), 'volume': 32102900}]",2025-10-10,18129400,35.4900016784668,0.22323850616111876,446
AMAT,daily,2025-08-15,31803300,56,10,"[{'date': Timestamp('2025-09-19 00:00:00'), 'volume': 18903500}, {'date': Timestamp('2025-08-15 00:00:00'), 'volume': 31803300}, {'date': Timestamp('2025-06-20 00:00:00'), 'volume': 18396600}, {'date': Timestamp('2025-05-16 00:00:00'), 'volume': 16540400}, {'date': Timestamp('2025-04-10 00:00:00'), 'volume': 16290700}, {'date': Timestamp('2025-04-09 00:00:00'), 'volume': 20667300}, {'date': Timestamp('2025-04-08 00:00:00'), 'volume': 16423700}, {'date': Timestamp('2025-04-07 00:00:00'), 'volume': 18941900}, {'date': Timestamp('2024-11-15 00:00:00'), 'volume': 16287500}, {'date': Timestamp('2024-10-15 00:00:00'), 'volume': 16613200}]",2025-10-10,12829700,209.9499969482422,0.4034078224586757,446
FTNT,daily,2025-08-07,47433000,64,10,"[{'date': Timestamp('2025-09-19 00:00:00'), 'volume': 22847000}, {'date': Timestamp('2025-08-08 00:00:00'), 'volume': 17024500}, {'date': Timestamp('2025-08-07 00:00:00'), 'volume': 47433000}, {'date': Timestamp('2025-05-30 00:00:00'), 'volume': 17093000}, {'date': Timestamp('2024-08-07 00:00:00'), 'volume': 23535600}, {'date': Timestamp('2024-06-21 00:00:00'), 'volume': 16729000}, {'date': Timestamp('2024-05-31 00:00:00'), 'volume': 16363000}, {'date': Timestamp('2024-05-07 00:00:00'), 'volume': 18440300}, {'date': Timestamp('2024-05-03 00:00:00'), 'volume': 15896600}, {'date': Timestamp('2024-02-07 00:00:00'), 'volume': 25551100}]",2025-10-10,4604600,83.04000091552734,0.09707587544536504,446
VRTX,daily,2025-08-05,10729400,66,10,"[{'date': Timestamp('2025-08-08 00:00:00'), 'volume': 3680300}, {'date': Timestamp('2025-08-07 00:00:00'), 'volume': 3995500}, {'date': Timestamp('2025-08-06 00:00:00'), 'volume': 4726600}, {'date': Timestamp('2025-08-05 00:00:00'), 'volume': 10729400}, {'date': Timestamp('2025-05-07 00:00:00'), 'volume': 3996700}, {'date': Timestamp('2025-05-06 00:00:00'), 'volume': 8000700}, {'date': Timestamp('2025-01-31 00:00:00'), 'volume': 3647000}, {'date': Timestamp('2024-12-20 00:00:00'), 'volume': 6203100}, {'date': Timestamp('2024-12-19 00:00:00'), 'volume': 8207400}, {'date': Timestamp('2024-02-06 00:00:00'), 'volume': 4504000}]",2025-10-10,1148600,407.7900085449219,0.10705165246891718,446
ON,daily,2025-08-04,30528800,67,10,"[{'date': Timestamp('2025-09-19 00:00:00'), 'volume': 18145200}, {'date': Timestamp('2025-08-04 00:00:00'), 'volume': 30528800}, {'date': Timestamp('2025-06-04 00:00:00'), 'volume': 28183500}, {'date': Timestamp('2025-06-03 00:00:00'), 'volume': 24131400}, {'date': Timestamp('2025-05-05 00:00:00'), 'volume': 24182500}, {'date': Timestamp('2025-04-11 00:00:00'), 'volume': 20276400}, {'date': Timestamp('2025-04-09 00:00:00'), 'volume': 28303700}, {'date': Timestamp('2025-04-07 00:00:00'), 'volume': 18919300}, {'date': Timestamp('2025-02-10 00:00:00'), 'volume': 23762900}, {'date': Timestamp('2024-07-29 00:00:00'), 'volume': 22288700}]",2025-10-10,13823800,45.7400016784668,0.45281177118000054,446
IDXX,daily,2025-08-04,3331900,67,10,"[{'date': Timestamp('2025-08-05 00:00:00'), 'volume': 1870200}, {'date': Timestamp('2025-08-04 00:00:00'), 'volume': 3331900}, {'date': Timestamp('2025-04-30 00:00:00'), 'volume': 1400300}, {'date': Timestamp('2025-04-09 00:00:00'), 'volume': 2190300}, {'date': Timestamp('2025-04-08 00:00:00'), 'volume': 1489600}, {'date': Timestamp('2025-04-07 00:00:00'), 'volume': 1818000}, {'date': Timestamp('2025-04-04 00:00:00'), 'volume': 1635600}, {'date': Timestamp('2025-02-03 00:00:00'), 'volume': 1508800}, {'date': Timestamp('2025-01-27 00:00:00'), 'volume': 1876200}, {'date': Timestamp('2024-10-31 00:00:00'), 'volume': 2006400}]",2025-10-10,410700,616.1500244140625,0.12326300309132927,446
CHTR,daily,2025-07-25,9638100,77,10,"[{'date': Timestamp('2025-09-30 00:00:00'), 'volume': 4552200}, {'date': Timestamp('2025-07-29 00:00:00'), 'volume': 4374500}, {'date': Timestamp('2025-07-25 00:00:00'), 'volume': 9638100}, {'date': Timestamp('2024-11-01 00:00:00'), 'volume': 4442300}, {'date': Timestamp('2024-09-24 00:00:00'), 'volume': 4190400}, {'date': Timestamp('2024-07-26 00:00:00'), 'volume': 4962600}, {'date': Timestamp('2024-06-28 00:00:00'), 'volume': 4560600}, {'date': Timestamp('2024-02-26 00:00:00'), 'volume': 4509000}, {'date': Timestamp('2024-02-07 00:00:00'), 'volume': 4253500}, {'date': Timestamp('2024-02-02 00:00:00'), 'volume': 4973200}]",2025-10-10,1694800,259.489990234375,0.17584378663844533,446
TRI,daily,2025-07-25,23377500,77,10,"[{'date': Timestamp('2025-09-19 00:00:00'), 'volume': 3543500}, {'date': Timestamp('2025-09-18 00:00:00'), 'volume': 3090300}, {'date': Timestamp('2025-08-12 00:00:00'), 'volume': 2099000}, {'date': Timestamp('2025-08-06 00:00:00'), 'volume': 4097400}, {'date': Timestamp('2025-07-25 00:00:00'), 'volume': 23377500}, {'date': Timestamp('2025-07-21 00:00:00'), 'volume': 1997000}, {'date': Timestamp('2025-07-16 00:00:00'), 'volume': 1916700}, {'date': Timestamp('2025-07-15 00:00:00'), 'volume': 3336900}, {'date': Timestamp('2025-07-14 00:00:00'), 'volume': 6017900}, {'date': Timestamp('2025-04-15 00:00:00'), 'volume': 1922500}]",2025-10-10,1899400,150.76304626464844,0.08124906427120095,446
TXN,daily,2025-07-23,30755700,79,10,"[{'date': Timestamp('2025-09-19 00:00:00'), 'volume': 16206700}, {'date': Timestamp('2025-07-23 00:00:00'), 'volume': 30755700}, {'date': Timestamp('2025-05-12 00:00:00'), 'volume': 16210400}, {'date': Timestamp('2025-04-24 00:00:00'), 'volume': 18950400}, {'date': Timestamp('2025-04-11 00:00:00'), 'volume': 21113300}, {'date': Timestamp('2025-04-10 00:00:00'), 'volume': 16019500}, {'date': Timestamp('2025-04-09 00:00:00'), 'volume': 21578500}, {'date': Timestamp('2025-04-07 00:00:00'), 'volume': 18337200}, {'date': Timestamp('2025-01-24 00:00:00'), 'volume': 15856600}, {'date': Timestamp('2024-03-15 00:00:00'), 'volume': 19078800}]",2025-10-10,9630200,170.18099975585938,0.31311919416563433,446
TTD,daily,2025-07-17,111506800,85,10,"[{'date': Timestamp('2025-09-19 00:00:00'), 'volume': 52978400}, {'date': Timestamp('2025-09-10 00:00:00'), 'volume': 48170700}, {'date': Timestamp('2025-08-14 00:00:00'), 'volume': 34084000}, {'date': Timestamp('2025-08-11 00:00:00'), 'volume': 37670400}, {'date': Timestamp('2025-08-08 00:00:00'), 'volume': 105358400}, {'date': Timestamp('2025-07-17 00:00:00'), 'volume': 111506800}, {'date': Timestamp('2025-07-15 00:00:00'), 'volume': 43674100}, {'date': Timestamp('2025-05-12 00:00:00'), 'volume': 32485900}, {'date': Timestamp('2025-05-09 00:00:00'), 'volume': 48903700}, {'date': Timestamp('2025-02-13 00:00:00'), 'volume': 56006000}]",2025-10-10,12452900,52.36000061035156,0.11167839091427607,446
ASML,daily,2025-07-16,10789600,86,10,"[{'date': Timestamp('2025-07-16 00:00:00'), 'volume': 10789600}, {'date': Timestamp('2025-04-07 00:00:00'), 'volume': 4179100}, {'date': Timestamp('2025-01-29 00:00:00'), 'volume': 4971500}, {'date': Timestamp('2025-01-27 00:00:00'), 'volume': 4947800}, {'date': Timestamp('2024-10-18 00:00:00'), 'volume': 4537800}, {'date': Timestamp('2024-10-17 00:00:00'), 'volume': 7209100}, {'date': Timestamp('2024-10-16 00:00:00'), 'volume': 10296200}, {'date': Timestamp('2024-10-15 00:00:00'), 'volume': 9350700}, {'date': Timestamp('2024-07-17 00:00:00'), 'volume': 5188400}, {'date': Timestamp('2024-01-24 00:00:00'), 'volume': 7754300}]",2025-10-10,2933900,934.531982421875,0.27191925557944685,446
KHC,daily,2025-07-11,52440900,91,10,"[{'date': Timestamp('2025-09-19 00:00:00'), 'volume': 33012500}, {'date': Timestamp('2025-09-02 00:00:00'), 'volume': 43401000}, {'date': Timestamp('2025-08-29 00:00:00'), 'volume': 23601300}, {'date': Timestamp('2025-07-14 00:00:00'), 'volume': 37271800}, {'date': Timestamp('2025-07-11 00:00:00'), 'volume': 52440900}, {'date': Timestamp('2025-06-27 00:00:00'), 'volume': 34119300}, {'date': Timestamp('2025-06-20 00:00:00'), 'volume': 24954300}, {'date': Timestamp('2025-03-21 00:00:00'), 'volume': 25261700}, {'date': Timestamp('2024-09-20 00:00:00'), 'volume': 36463900}, {'date': Timestamp('2024-01-23 00:00:00'), 'volume': 24754100}]",2025-10-10,9752700,25.149999618530277,0.18597506907776182,446
DDOG,daily,2025-07-08,86386000,94,10,"[{'date': Timestamp('2025-08-08 00:00:00'), 'volume': 10874900}, {'date': Timestamp('2025-08-07 00:00:00'), 'volume': 16640900}, {'date': Timestamp('2025-07-08 00:00:00'), 'volume': 86386000}, {'date': Timestamp('2025-07-07 00:00:00'), 'volume': 16225100}, {'date': Timestamp('2025-07-03 00:00:00'), 'volume': 29996700}, {'date': Timestamp('2025-05-06 00:00:00'), 'volume': 13053000}, {'date': Timestamp('2025-02-13 00:00:00'), 'volume': 20141600}, {'date': Timestamp('2024-11-22 00:00:00'), 'volume': 13878800}, {'date': Timestamp('2024-05-07 00:00:00'), 'volume': 21740200}, {'date': Timestamp('2024-02-13 00:00:00'), 'volume': 15677800}]",2025-10-10,4062300,158.74000549316406,0.04702498089968282,446
ODFL,daily,2025-06-27,6623100,105,10,"[{'date': Timestamp('2025-09-26 00:00:00'), 'volume': 3893900}, {'date': Timestamp('2025-09-19 00:00:00'), 'volume': 4264100}, {'date': Timestamp('2025-07-31 00:00:00'), 'volume': 4285100}, {'date': Timestamp('2025-07-30 00:00:00'), 'volume': 5557100}, {'date': Timestamp('2025-06-27 00:00:00'), 'volume': 6623100}, {'date': Timestamp('2025-04-25 00:00:00'), 'volume': 4094900}, {'date': Timestamp('2025-02-21 00:00:00'), 'volume': 5679600}, {'date': Timestamp('2024-12-20 00:00:00'), 'volume': 5024100}, {'date': Timestamp('2024-10-23 00:00:00'), 'volume': 3890600}, {'date': Timestamp('2024-04-24 00:00:00'), 'volume': 4479500}]",2025-10-10,2136300,134.30999755859375,0.32255288309099966,446
PEP,daily,2025-06-27,26536500,105,10,"[{'date': Timestamp('2025-10-10 00:00:00'), 'volume': 17545200}, {'date': Timestamp('2025-09-02 00:00:00'), 'volume': 17348600}, {'date': Timestamp('2025-07-17 00:00:00'), 'volume': 26161000}, {'date': Timestamp('2025-06-27 00:00:00'), 'volume': 26536500}, {'date': Timestamp('2025-06-20 00:00:00'), 'volume': 23001000}, {'date': Timestamp('2025-04-24 00:00:00'), 'volume': 15577300}, {'date': Timestamp('2025-04-09 00:00:00'), 'volume': 14067000}, {'date': Timestamp('2025-04-07 00:00:00'), 'volume': 14423200}, {'date': Timestamp('2024-12-20 00:00:00'), 'volume': 19205200}, {'date': Timestamp('2024-03-15 00:00:00'), 'volume': 21887300}]",2025-10-10,17545200,150.0800018310547,0.6611723475213386,446
PAYX,daily,2025-06-25,9294200,107,10,"[{'date': Timestamp('2025-09-30 00:00:00'), 'volume': 6937500}, {'date': Timestamp('2025-09-19 00:00:00'), 'volume': 7782900}, {'date': Timestamp('2025-06-25 00:00:00'), 'volume': 9294200}, {'date': Timestamp('2025-04-09 00:00:00'), 'volume': 5285600}, {'date': Timestamp('2024-12-20 00:00:00'), 'volume': 4925600}, {'date': Timestamp('2024-10-01 00:00:00'), 'volume': 5197900}, {'date': Timestamp('2024-06-28 00:00:00'), 'volume': 6556900}, {'date': Timestamp('2024-06-26 00:00:00'), 'volume': 5176200}, {'date': Timestamp('2024-04-02 00:00:00'), 'volume': 5003900}, {'date': Timestamp('2024-03-15 00:00:00'), 'volume': 5841100}]",2025-10-10,2711800,124.34814453125,0.29177336403348325,446
TSLA,daily,2025-06-05,287499800,127,10,"[{'date': Timestamp('2025-06-05 00:00:00'), 'volume': 287499800}, {'date': Timestamp('2025-04-09 00:00:00'), 'volume': 219433400}, {'date': Timestamp('2025-04-02 00:00:00'), 'volume': 212787800}, {'date': Timestamp('2024-11-11 00:00:00'), 'volume': 210521600}, {'date': Timestamp('2024-11-08 00:00:00'), 'volume': 204782800}, {'date': Timestamp('2024-10-24 00:00:00'), 'volume': 204491900}, {'date': Timestamp('2024-07-11 00:00:00'), 'volume': 221707300}, {'date': Timestamp('2024-07-02 00:00:00'), 'volume': 205047900}, {'date': Timestamp('2024-04-29 00:00:00'), 'volume': 243869700}, {'date': Timestamp('2024-01-25 00:00:00'), 'volume': 198076800}]",2025-10-10,112107900,413.489990234375,0.3899407930022908,446
REGN,daily,2025-05-30,6313100,133,10,"[{'date': Timestamp('2025-10-01 00:00:00'), 'volume': 2083200}, {'date': Timestamp('2025-09-19 00:00:00'), 'volume': 2178000}, {'date': Timestamp('2025-06-20 00:00:00'), 'volume': 2259300}, {'date': Timestamp('2025-06-09 00:00:00'), 'volume': 1983100}, {'date': Timestamp('2025-06-03 00:00:00'), 'volume': 2141600}, {'date': Timestamp('2025-06-02 00:00:00'), 'volume': 2944300}, {'date': Timestamp('2025-05-30 00:00:00'), 'volume': 6313100}, {'date': Timestamp('2025-05-08 00:00:00'), 'volume': 2709200}, {'date': Timestamp('2025-04-29 00:00:00'), 'volume': 2660300}, {'date': Timestamp('2024-10-31 00:00:00'), 'volume': 2291400}]",2025-10-10,1495000,564.6300048828125,0.2368091745735059,446
ROST,daily,2025-05-23,18535000,140,10,"[{'date': Timestamp('2025-08-22 00:00:00'), 'volume': 7736700}, {'date': Timestamp('2025-06-20 00:00:00'), 'volume': 7112800}, {'date': Timestamp('2025-05-27 00:00:00'), 'volume': 7636000}, {'date': Timestamp('2025-05-23 00:00:00'), 'volume': 18535000}, {'date': Timestamp('2025-04-09 00:00:00'), 'volume': 7302100}, {'date': Timestamp('2025-03-21 00:00:00'), 'volume': 6659800}, {'date': Timestamp('2024-12-20 00:00:00'), 'volume': 6172700}, {'date': Timestamp('2024-11-22 00:00:00'), 'volume': 8266300}, {'date': Timestamp('2024-06-28 00:00:00'), 'volume': 8586000}, {'date': Timestamp('2024-05-24 00:00:00'), 'volume': 7641400}]",2025-10-10,2365500,147.7100067138672,0.12762341516050715,446
SHOP,daily,2025-05-16,96081400,147,10,"[{'date': Timestamp('2025-08-06 00:00:00'), 'volume': 38572100}, {'date': Timestamp('2025-05-16 00:00:00'), 'volume': 96081400}, {'date': Timestamp('2025-05-12 00:00:00'), 'volume': 30713700}, {'date': Timestamp('2025-05-08 00:00:00'), 'volume': 36455400}, {'date': Timestamp('2025-02-11 00:00:00'), 'volume': 34842700}, {'date': Timestamp('2024-11-12 00:00:00'), 'volume': 63946200}, {'date': Timestamp('2024-08-07 00:00:00'), 'volume': 49976600}, {'date': Timestamp('2024-05-10 00:00:00'), 'volume': 30675600}, {'date': Timestamp('2024-05-08 00:00:00'), 'volume': 58311600}, {'date': Timestamp('2024-02-13 00:00:00'), 'volume': 40164900}]",2025-10-10,12431500,151.02000427246094,0.12938508389761183,446
GOOG,daily,2025-05-07,78729800,156,10,"[{'date': Timestamp('2025-09-03 00:00:00'), 'volume': 72250300}, {'date': Timestamp('2025-06-27 00:00:00'), 'volume': 74053100}, {'date': Timestamp('2025-06-20 00:00:00'), 'volume': 55402600}, {'date': Timestamp('2025-05-07 00:00:00'), 'volume': 78729800}, {'date': Timestamp('2025-04-09 00:00:00'), 'volume': 46479500}, {'date': Timestamp('2025-04-07 00:00:00'), 'volume': 47823000}, {'date': Timestamp('2024-10-30 00:00:00'), 'volume': 49698300}, {'date': Timestamp('2024-06-21 00:00:00'), 'volume': 58903200}, {'date': Timestamp('2024-04-26 00:00:00'), 'volume': 56500800}, {'date': Timestamp('2024-03-18 00:00:00'), 'volume': 47676700}]",2025-10-10,22449100,237.4900054931641,0.28514107745732875,446
GOOGL,daily,2025-05-07,127490100,156,10,"[{'date': Timestamp('2025-09-03 00:00:00'), 'volume': 103336100}, {'date': Timestamp('2025-07-24 00:00:00'), 'volume': 74881700}, {'date': Timestamp('2025-06-27 00:00:00'), 'volume': 108140200}, {'date': Timestamp('2025-06-20 00:00:00'), 'volume': 75659900}, {'date': Timestamp('2025-05-22 00:00:00'), 'volume': 74864400}, {'date': Timestamp('2025-05-21 00:00:00'), 'volume': 73416000}, {'date': Timestamp('2025-05-07 00:00:00'), 'volume': 127490100}, {'date': Timestamp('2025-04-09 00:00:00'), 'volume': 70406200}, {'date': Timestamp('2025-04-07 00:00:00'), 'volume': 76794100}, {'date': Timestamp('2024-01-31 00:00:00'), 'volume': 71910000}]",2025-10-10,33180300,236.57000732421875,0.2602578553158245,446
TTWO,daily,2025-05-02,8968300,161,10,"[{'date': Timestamp('2025-08-08 00:00:00'), 'volume': 5619200}, {'date': Timestamp('2025-06-27 00:00:00'), 'volume': 4576800}, {'date': Timestamp('2025-05-22 00:00:00'), 'volume': 4750900}, {'date': Timestamp('2025-05-21 00:00:00'), 'volume': 6081100}, {'date': Timestamp('2025-05-16 00:00:00'), 'volume': 4381400}, {'date': Timestamp('2025-05-02 00:00:00'), 'volume': 8968300}, {'date': Timestamp('2025-02-07 00:00:00'), 'volume': 6798600}, {'date': Timestamp('2024-09-20 00:00:00'), 'volume': 5624000}, {'date': Timestamp('2024-05-17 00:00:00'), 'volume': 5612200}, {'date': Timestamp('2024-02-09 00:00:00'), 'volume': 6604100}]",2025-10-10,1350300,251.97000122070312,0.1505636519741757,446
TMUS,daily,2025-04-25,13561400,168,10,"[{'date': Timestamp('2025-06-17 00:00:00'), 'volume': 12423600}, {'date': Timestamp('2025-04-25 00:00:00'), 'volume': 13561400}, {'date': Timestamp('2025-03-21 00:00:00'), 'volume': 9207000}, {'date': Timestamp('2024-12-20 00:00:00'), 'volume': 9116100}, {'date': Timestamp('2024-09-20 00:00:00'), 'volume': 12281900}, {'date': Timestamp('2024-06-21 00:00:00'), 'volume': 12269700}, {'date': Timestamp('2024-06-12 00:00:00'), 'volume': 10923100}, {'date': Timestamp('2024-06-05 00:00:00'), 'volume': 8973500}, {'date': Timestamp('2024-03-15 00:00:00'), 'volume': 9849300}, {'date': Timestamp('2024-03-05 00:00:00'), 'volume': 9049500}]",2025-10-10,5106300,228.7899932861328,0.3765319214830327,446
ADI,daily,2025-04-09,10941600,184,10,"[{'date': Timestamp('2025-08-20 00:00:00'), 'volume': 8529000}, {'date': Timestamp('2025-05-30 00:00:00'), 'volume': 10923400}, {'date': Timestamp('2025-05-22 00:00:00'), 'volume': 8968300}, {'date': Timestamp('2025-04-10 00:00:00'), 'volume': 8547900}, {'date': Timestamp('2025-04-09 00:00:00'), 'volume': 10941600}, {'date': Timestamp('2025-04-07 00:00:00'), 'volume': 10236500}, {'date': Timestamp('2025-04-04 00:00:00'), 'volume': 9633900}, {'date': Timestamp('2025-02-19 00:00:00'), 'volume': 9789600}, {'date': Timestamp('2024-05-22 00:00:00'), 'volume': 9445800}, {'date': Timestamp('2024-03-15 00:00:00'), 'volume': 10198200}]",2025-10-10,4425100,225.32000732421875,0.40442896834101044,446
ISRG,daily,2025-04-09,6038200,184,10,"[{'date': Timestamp('2025-09-03 00:00:00'), 'volume': 5051700}, {'date': Timestamp('2025-07-23 00:00:00'), 'volume': 4659900}, {'date': Timestamp('2025-06-09 00:00:00'), 'volume': 4806200}, {'date': Timestamp('2025-04-09 00:00:00'), 'volume': 6038200}, {'date': Timestamp('2025-03-14 00:00:00'), 'volume': 4239200}, {'date': Timestamp('2025-03-10 00:00:00'), 'volume': 5517400}, {'date': Timestamp('2025-01-24 00:00:00'), 'volume': 4357700}, {'date': Timestamp('2024-07-19 00:00:00'), 'volume': 4201300}, {'date': Timestamp('2024-01-24 00:00:00'), 'volume': 4949700}, {'date': Timestamp('2024-01-10 00:00:00'), 'volume': 4868400}]",2025-10-10,2773400,429.5899963378906,0.4593090656155808,446
KLAC,daily,2025-04-09,3447900,184,10,"[{'date': Timestamp('2025-06-20 00:00:00'), 'volume': 2347800}, {'date': Timestamp('2025-04-10 00:00:00'), 'volume': 2676100}, {'date': Timestamp('2025-04-09 00:00:00'), 'volume': 3447900}, {'date': Timestamp('2025-04-08 00:00:00'), 'volume': 2719800}, {'date': Timestamp('2025-04-07 00:00:00'), 'volume': 2996100}, {'date': Timestamp('2025-03-21 00:00:00'), 'volume': 2454800}, {'date': Timestamp('2025-01-27 00:00:00'), 'volume': 2357800}, {'date': Timestamp('2024-12-20 00:00:00'), 'volume': 2652200}, {'date': Timestamp('2024-10-15 00:00:00'), 'volume': 2870900}, {'date': Timestamp('2024-07-24 00:00:00'), 'volume': 2430100}]",2025-10-10,1576000,981.1038818359376,0.45708982279068416,446
MCHP,daily,2025-04-09,29897800,184,10,"[{'date': Timestamp('2025-05-12 00:00:00'), 'volume': 20947300}, {'date': Timestamp('2025-05-09 00:00:00'), 'volume': 21360900}, {'date': Timestamp('2025-04-10 00:00:00'), 'volume': 24354400}, {'date': Timestamp('2025-04-09 00:00:00'), 'volume': 29897800}, {'date': Timestamp('2025-04-07 00:00:00'), 'volume': 24856500}, {'date': Timestamp('2025-04-04 00:00:00'), 'volume': 26407700}, {'date': Timestamp('2025-04-03 00:00:00'), 'volume': 29179100}, {'date': Timestamp('2025-03-21 00:00:00'), 'volume': 29770200}, {'date': Timestamp('2025-02-19 00:00:00'), 'volume': 20924500}, {'date': Timestamp('2024-12-20 00:00:00'), 'volume': 27171200}]",2025-10-10,12554600,60.40999984741211,0.41991718454200644,446
NXPI,daily,2025-04-09,8787100,184,10,"[{'date': Timestamp('2025-07-22 00:00:00'), 'volume': 6032400}, {'date': Timestamp('2025-04-29 00:00:00'), 'volume': 6950800}, {'date': Timestamp('2025-04-10 00:00:00'), 'volume': 6325900}, {'date': Timestamp('2025-04-09 00:00:00'), 'volume': 8787100}, {'date': Timestamp('2025-04-07 00:00:00'), 'volume': 6564400}, {'date': Timestamp('2025-04-04 00:00:00'), 'volume': 6449000}, {'date': Timestamp('2025-04-03 00:00:00'), 'volume': 6169100}, {'date': Timestamp('2024-12-20 00:00:00'), 'volume': 6139300}, {'date': Timestamp('2024-09-20 00:00:00'), 'volume': 6787600}, {'date': Timestamp('2024-07-23 00:00:00'), 'volume': 6654300}]",2025-10-10,3980800,205.3699951171875,0.4530277338371021,446
CDW,daily,2025-04-04,4384200,189,10,"[{'date': Timestamp('2025-09-19 00:00:00'), 'volume': 2889600}, {'date': Timestamp('2025-08-06 00:00:00'), 'volume': 2705800}, {'date': Timestamp('2025-06-27 00:00:00'), 'volume': 2773800}, {'date': Timestamp('2025-04-10 00:00:00'), 'volume': 2816800}, {'date': Timestamp('2025-04-09 00:00:00'), 'volume': 3086700}, {'date': Timestamp('2025-04-07 00:00:00'), 'volume': 3846200}, {'date': Timestamp('2025-04-04 00:00:00'), 'volume': 4384200}, {'date': Timestamp('2025-04-03 00:00:00'), 'volume': 3559300}, {'date': Timestamp('2025-02-05 00:00:00'), 'volume': 3808800}, {'date': Timestamp('2024-10-30 00:00:00'), 'volume': 3020400}]",2025-10-10,1458700,145.0399932861328,0.3327174855161717,446
ORLY,daily,2025-04-04,16704000,189,10,"[{'date': Timestamp('2025-04-24 00:00:00'), 'volume': 16632000}, {'date': Timestamp('2025-04-09 00:00:00'), 'volume': 14017500}, {'date': Timestamp('2025-04-07 00:00:00'), 'volume': 13290000}, {'date': Timestamp('2025-04-04 00:00:00'), 'volume': 16704000}, {'date': Timestamp('2024-12-20 00:00:00'), 'volume': 12918000}, {'date': Timestamp('2024-09-20 00:00:00'), 'volume': 13210500}, {'date': Timestamp('2024-07-25 00:00:00'), 'volume': 13216500}, {'date': Timestamp('2024-05-31 00:00:00'), 'volume': 11551500}, {'date': Timestamp('2024-04-25 00:00:00'), 'volume': 13768500}, {'date': Timestamp('2024-02-08 00:00:00'), 'volume': 12153000}]",2025-10-10,5487700,102.1500015258789,0.32852610153256706,446
GEHC,daily,2025-04-04,16890600,189,10,"[{'date': Timestamp('2025-07-30 00:00:00'), 'volume': 12910000}, {'date': Timestamp('2025-04-30 00:00:00'), 'volume': 12759300}, {'date': Timestamp('2025-04-04 00:00:00'), 'volume': 16890600}, {'date': Timestamp('2024-12-20 00:00:00'), 'volume': 11179900}, {'date': Timestamp('2024-09-27 00:00:00'), 'volume': 12623800}, {'date': Timestamp('2024-09-13 00:00:00'), 'volume': 10515100}, {'date': Timestamp('2024-04-30 00:00:00'), 'volume': 14433600}, {'date': Timestamp('2024-03-13 00:00:00'), 'volume': 14434500}, {'date': Timestamp('2024-02-16 00:00:00'), 'volume': 13131800}, {'date': Timestamp('2024-02-06 00:00:00'), 'volume': 12511200}]",2025-10-10,7015400,70.97783660888672,0.4153434454667093,446
AEP,daily,2025-03-25,24651800,199,10,"[{'date': Timestamp('2025-07-30 00:00:00'), 'volume': 8827800}, {'date': Timestamp('2025-04-09 00:00:00'), 'volume': 7048100}, {'date': Timestamp('2025-04-07 00:00:00'), 'volume': 7767500}, {'date': Timestamp('2025-04-04 00:00:00'), 'volume': 7368600}, {'date': Timestamp('2025-03-25 00:00:00'), 'volume': 24651800}, {'date': Timestamp('2025-01-10 00:00:00'), 'volume': 7731000}, {'date': Timestamp('2024-03-01 00:00:00'), 'volume': 9446200}, {'date': Timestamp('2024-02-29 00:00:00'), 'volume': 10228500}, {'date': Timestamp('2024-02-27 00:00:00'), 'volume': 7562500}, {'date': Timestamp('2024-02-13 00:00:00'), 'volume': 7370200}]",2025-10-10,3890000,116.12434387207033,0.1577978078679853,446
CCEP,daily,2025-03-21,13187700,203,10,"[{'date': Timestamp('2025-09-09 00:00:00'), 'volume': 7195600}, {'date': Timestamp('2025-08-06 00:00:00'), 'volume': 4346000}, {'date': Timestamp('2025-05-30 00:00:00'), 'volume': 6680700}, {'date': Timestamp('2025-04-09 00:00:00'), 'volume': 6596800}, {'date': Timestamp('2025-04-07 00:00:00'), 'volume': 4105600}, {'date': Timestamp('2025-03-25 00:00:00'), 'volume': 5198700}, {'date': Timestamp('2025-03-21 00:00:00'), 'volume': 13187700}, {'date': Timestamp('2025-03-10 00:00:00'), 'volume': 4144800}, {'date': Timestamp('2025-03-07 00:00:00'), 'volume': 4142400}, {'date': Timestamp('2025-03-05 00:00:00'), 'volume': 4594500}]",2025-10-10,1967600,86.52851104736328,0.149199632991348,446
DASH,daily,2025-03-21,73637400,203,10,"[{'date': Timestamp('2025-09-19 00:00:00'), 'volume': 10684200}, {'date': Timestamp('2025-08-07 00:00:00'), 'volume': 10884100}, {'date': Timestamp('2025-03-21 00:00:00'), 'volume': 73637400}, {'date': Timestamp('2025-03-10 00:00:00'), 'volume': 15743500}, {'date': Timestamp('2025-02-12 00:00:00'), 'volume': 9989400}, {'date': Timestamp('2024-08-05 00:00:00'), 'volume': 11560100}, {'date': Timestamp('2024-08-02 00:00:00'), 'volume': 12666600}, {'date': Timestamp('2024-06-28 00:00:00'), 'volume': 12262000}, {'date': Timestamp('2024-05-02 00:00:00'), 'volume': 22134800}, {'date': Timestamp('2024-02-16 00:00:00'), 'volume': 19465500}]",2025-10-10,2434300,266.0199890136719,0.033057929801975625,446
KDP,daily,2025-02-27,68945100,225,10,"[{'date': Timestamp('2025-09-03 00:00:00'), 'volume': 37011400}, {'date': Timestamp('2025-08-27 00:00:00'), 'volume': 41485200}, {'date': Timestamp('2025-08-26 00:00:00'), 'volume': 63338100}, {'date': Timestamp('2025-08-25 00:00:00'), 'volume': 42830100}, {'date': Timestamp('2025-05-05 00:00:00'), 'volume': 48691500}, {'date': Timestamp('2025-05-02 00:00:00'), 'volume': 38558900}, {'date': Timestamp('2025-02-27 00:00:00'), 'volume': 68945100}, {'date': Timestamp('2024-10-30 00:00:00'), 'volume': 42889600}, {'date': Timestamp('2024-10-29 00:00:00'), 'volume': 55115500}, {'date': Timestamp('2024-03-01 00:00:00'), 'volume': 47327200}]",2025-10-10,11763200,25.81999969482422,0.17061691113654198,446
CDNS,daily,2025-02-19,7638300,233,10,"[{'date': Timestamp('2025-09-19 00:00:00'), 'volume': 5005100}, {'date': Timestamp('2025-09-10 00:00:00'), 'volume': 5847800}, {'date': Timestamp('2025-05-29 00:00:00'), 'volume': 6281800}, {'date': Timestamp('2025-05-28 00:00:00'), 'volume': 7018700}, {'date': Timestamp('2025-03-21 00:00:00'), 'volume': 5699800}, {'date': Timestamp('2025-02-19 00:00:00'), 'volume': 7638300}, {'date': Timestamp('2024-10-29 00:00:00'), 'volume': 5991300}, {'date': Timestamp('2024-08-06 00:00:00'), 'volume': 4752400}, {'date': Timestamp('2024-08-02 00:00:00'), 'volume': 4742000}, {'date': Timestamp('2024-04-23 00:00:00'), 'volume': 4681900}]",2025-10-10,2156100,327.0,0.2822748517340246,446
HON,daily,2025-02-06,12928603,246,10,"[{'date': Timestamp('2025-09-19 00:00:00'), 'volume': 11677472}, {'date': Timestamp('2025-07-24 00:00:00'), 'volume': 11877152}, {'date': Timestamp('2025-05-30 00:00:00'), 'volume': 8805876}, {'date': Timestamp('2025-04-29 00:00:00'), 'volume': 9278021}, {'date': Timestamp('2025-04-09 00:00:00'), 'volume': 9698919}, {'date': Timestamp('2025-04-07 00:00:00'), 'volume': 9922684}, {'date': Timestamp('2025-04-04 00:00:00'), 'volume': 8960463}, {'date': Timestamp('2025-02-06 00:00:00'), 'volume': 12928603}, {'date': Timestamp('2024-11-12 00:00:00'), 'volume': 11765111}, {'date': Timestamp('2024-10-24 00:00:00'), 'volume': 9230912}]",2025-10-10,5870195,188.231689453125,0.454047123266141,446
CMCSA,daily,2025-01-30,77358200,253,10,"[{'date': Timestamp('2025-09-19 00:00:00'), 'volume': 53789600}, {'date': Timestamp('2025-04-07 00:00:00'), 'volume': 46139700}, {'date': Timestamp('2025-03-21 00:00:00'), 'volume': 54564500}, {'date': Timestamp('2025-02-03 00:00:00'), 'volume': 45432400}, {'date': Timestamp('2025-01-30 00:00:00'), 'volume': 77358200}, {'date': Timestamp('2024-12-20 00:00:00'), 'volume': 60040100}, {'date': Timestamp('2024-12-09 00:00:00'), 'volume': 45253900}, {'date': Timestamp('2024-09-20 00:00:00'), 'volume': 59666400}, {'date': Timestamp('2024-06-21 00:00:00'), 'volume': 48974800}, {'date': Timestamp('2024-03-15 00:00:00'), 'volume': 45303600}]",2025-10-10,22896800,29.459999084472656,0.2959841361355357,446
CEG,daily,2025-01-27,16083200,256,10,"[{'date': Timestamp('2025-06-03 00:00:00'), 'volume': 10696100}, {'date': Timestamp('2025-04-04 00:00:00'), 'volume': 9358600}, {'date': Timestamp('2025-01-28 00:00:00'), 'volume': 9989300}, {'date': Timestamp('2025-01-27 00:00:00'), 'volume': 16083200}, {'date': Timestamp('2025-01-10 00:00:00'), 'volume': 14707200}, {'date': Timestamp('2025-01-08 00:00:00'), 'volume': 8414200}, {'date': Timestamp('2024-11-04 00:00:00'), 'volume': 10719400}, {'date': Timestamp('2024-09-23 00:00:00'), 'volume': 10270000}, {'date': Timestamp('2024-09-20 00:00:00'), 'volume': 15031400}, {'date': Timestamp('2024-06-28 00:00:00'), 'volume': 10579100}]",2025-10-10,3084600,368.0676574707031,0.1917901910067648,446
BIIB,daily,2024-12-20,5776200,294,10,"[{'date': Timestamp('2025-10-01 00:00:00'), 'volume': 4059900}, {'date': Timestamp('2025-09-19 00:00:00'), 'volume': 3748500}, {'date': Timestamp('2025-05-30 00:00:00'), 'volume': 3640000}, {'date': Timestamp('2025-04-09 00:00:00'), 'volume': 3321400}, {'date': Timestamp('2025-03-21 00:00:00'), 'volume': 3437600}, {'date': Timestamp('2025-02-12 00:00:00'), 'volume': 3538200}, {'date': Timestamp('2024-12-20 00:00:00'), 'volume': 5776200}, {'date': Timestamp('2024-09-20 00:00:00'), 'volume': 3833500}, {'date': Timestamp('2024-04-24 00:00:00'), 'volume': 3265700}, {'date': Timestamp('2024-02-13 00:00:00'), 'volume': 3403600}]",2025-10-10,1725000,146.57000732421875,0.29863924379349743,446
MDLZ,daily,2024-12-20,34652200,294,10,"[{'date': Timestamp('2025-09-19 00:00:00'), 'volume': 17133800}, {'date': Timestamp('2025-07-30 00:00:00'), 'volume': 22047700}, {'date': Timestamp('2025-03-21 00:00:00'), 'volume': 25429800}, {'date': Timestamp('2025-02-05 00:00:00'), 'volume': 25658800}, {'date': Timestamp('2025-01-13 00:00:00'), 'volume': 17172000}, {'date': Timestamp('2024-12-20 00:00:00'), 'volume': 34652200}, {'date': Timestamp('2024-12-09 00:00:00'), 'volume': 19609200}, {'date': Timestamp('2024-04-24 00:00:00'), 'volume': 16596900}, {'date': Timestamp('2024-03-15 00:00:00'), 'volume': 16858300}, {'date': Timestamp('2024-01-31 00:00:00'), 'volume': 19236200}]",2025-10-10,7697800,61.45000076293945,0.22214462573804838,446
AXON,daily,2024-12-20,7032800,294,10,"[{'date': Timestamp('2025-08-05 00:00:00'), 'volume': 2535000}, {'date': Timestamp('2025-02-26 00:00:00'), 'volume': 2838000}, {'date': Timestamp('2025-02-20 00:00:00'), 'volume': 2514000}, {'date': Timestamp('2025-02-19 00:00:00'), 'volume': 2319600}, {'date': Timestamp('2024-12-20 00:00:00'), 'volume': 7032800}, {'date': Timestamp('2024-12-16 00:00:00'), 'volume': 1741600}, {'date': Timestamp('2024-11-11 00:00:00'), 'volume': 1792700}, {'date': Timestamp('2024-11-08 00:00:00'), 'volume': 3967000}, {'date': Timestamp('2024-08-07 00:00:00'), 'volume': 3407100}, {'date': Timestamp('2024-02-28 00:00:00'), 'volume': 2658700}]",2025-10-10,456200,703.030029296875,0.06486747810260493,446
AVGO,daily,2024-12-20,131910400,294,10,"[{'date': Timestamp('2025-01-27 00:00:00'), 'volume': 90569400}, {'date': Timestamp('2024-12-20 00:00:00'), 'volume': 131910400}, {'date': Timestamp('2024-12-16 00:00:00'), 'volume': 111623200}, {'date': Timestamp('2024-12-13 00:00:00'), 'volume': 121336600}, {'date': Timestamp('2024-09-20 00:00:00'), 'volume': 91758500}, {'date': Timestamp('2024-06-21 00:00:00'), 'volume': 99289000}, {'date': Timestamp('2024-06-18 00:00:00'), 'volume': 86797000}, {'date': Timestamp('2024-06-17 00:00:00'), 'volume': 87528000}, {'date': Timestamp('2024-06-13 00:00:00'), 'volume': 89061000}, {'date': Timestamp('2024-03-15 00:00:00'), 'volume': 88823000}]",2025-10-10,28941000,324.6300048828125,0.21939892533113386,446
MSFT,daily,2024-12-20,64263700,294,10,"[{'date': Timestamp('2025-09-19 00:00:00'), 'volume': 52474100}, {'date': Timestamp('2025-07-31 00:00:00'), 'volume': 51617300}, {'date': Timestamp('2025-05-01 00:00:00'), 'volume': 58938100}, {'date': Timestamp('2025-04-09 00:00:00'), 'volume': 50199700}, {'date': Timestamp('2025-04-07 00:00:00'), 'volume': 50425000}, {'date': Timestamp('2025-04-04 00:00:00'), 'volume': 49209900}, {'date': Timestamp('2025-01-30 00:00:00'), 'volume': 54586300}, {'date': Timestamp('2024-12-20 00:00:00'), 'volume': 64263700}, {'date': Timestamp('2024-10-31 00:00:00'), 'volume': 53971000}, {'date': Timestamp('2024-09-20 00:00:00'), 'volume': 55167100}]",2025-10-10,24133800,510.9599914550781,0.37554326937291194,446
CSCO,daily,2024-12-20,69544600,294,10,"[{'date': Timestamp('2025-09-19 00:00:00'), 'volume': 47822500}, {'date': Timestamp('2025-06-20 00:00:00'), 'volume': 50421700}, {'date': Timestamp('2025-05-15 00:00:00'), 'volume': 60718000}, {'date': Timestamp('2025-04-09 00:00:00'), 'volume': 53380800}, {'date': Timestamp('2025-03-21 00:00:00'), 'volume': 65935200}, {'date': Timestamp('2024-12-20 00:00:00'), 'volume': 69544600}, {'date': Timestamp('2024-11-25 00:00:00'), 'volume': 52408200}, {'date': Timestamp('2024-06-21 00:00:00'), 'volume': 64967000}, {'date': Timestamp('2024-05-16 00:00:00'), 'volume': 47829400}, {'date': Timestamp('2024-03-15 00:00:00'), 'volume': 57049200}]",2025-10-10,20961500,67.94000244140625,0.30141089315345837,446
WDAY,daily,2024-12-20,46874100,294,10,"[{'date': Timestamp('2025-09-17 00:00:00'), 'volume': 11662900}, {'date': Timestamp('2025-08-22 00:00:00'), 'volume': 8226600}, {'date': Timestamp('2025-05-23 00:00:00'), 'volume': 9915000}, {'date': Timestamp('2024-12-20 00:00:00'), 'volume': 46874100}, {'date': Timestamp('2024-12-09 00:00:00'), 'volume': 11581000}, {'date': Timestamp('2024-11-27 00:00:00'), 'volume': 13910300}, {'date': Timestamp('2024-08-23 00:00:00'), 'volume': 9701900}, {'date': Timestamp('2024-05-28 00:00:00'), 'volume': 7423800}, {'date': Timestamp('2024-05-24 00:00:00'), 'volume': 15622800}, {'date': Timestamp('2024-03-04 00:00:00'), 'volume': 8220800}]",2025-10-10,2268900,233.17999267578125,0.0484041293592837,446
AMGN,daily,2024-11-26,17010300,318,10,"[{'date': Timestamp('2025-09-19 00:00:00'), 'volume': 8735100}, {'date': Timestamp('2025-06-20 00:00:00'), 'volume': 6801300}, {'date': Timestamp('2025-03-21 00:00:00'), 'volume': 9995000}, {'date': Timestamp('2024-12-20 00:00:00'), 'volume': 13687600}, {'date': Timestamp('2024-11-27 00:00:00'), 'volume': 6622800}, {'date': Timestamp('2024-11-26 00:00:00'), 'volume': 17010300}, {'date': Timestamp('2024-11-12 00:00:00'), 'volume': 6680300}, {'date': Timestamp('2024-05-03 00:00:00'), 'volume': 9644700}, {'date': Timestamp('2024-03-15 00:00:00'), 'volume': 8795800}, {'date': Timestamp('2024-02-07 00:00:00'), 'volume': 8411300}]",2025-10-10,2660500,290.1300048828125,0.15640523682709886,446
MSTR,daily,2024-11-21,100444000,323,10,"[{'date': Timestamp('2024-11-26 00:00:00'), 'volume': 47891000}, {'date': Timestamp('2024-11-22 00:00:00'), 'volume': 55935000}, {'date': Timestamp('2024-11-21 00:00:00'), 'volume': 100444000}, {'date': Timestamp('2024-11-20 00:00:00'), 'volume': 70212600}, {'date': Timestamp('2024-11-19 00:00:00'), 'volume': 50954500}, {'date': Timestamp('2024-11-11 00:00:00'), 'volume': 47315700}, {'date': Timestamp('2024-03-14 00:00:00'), 'volume': 49868000}, {'date': Timestamp('2024-03-05 00:00:00'), 'volume': 57366000}, {'date': Timestamp('2024-03-04 00:00:00'), 'volume': 54250000}, {'date': Timestamp('2024-02-28 00:00:00'), 'volume': 48388000}]",2025-10-10,13643700,304.7900085449219,0.13583389749512165,446
MELI,daily,2024-11-07,2966800,337,10,"[{'date': Timestamp('2025-10-01 00:00:00'), 'volume': 1189700}, {'date': Timestamp('2025-08-05 00:00:00'), 'volume': 1124100}, {'date': Timestamp('2025-02-21 00:00:00'), 'volume': 1257200}, {'date': Timestamp('2024-12-19 00:00:00'), 'volume': 930400}, {'date': Timestamp('2024-11-11 00:00:00'), 'volume': 987200}, {'date': Timestamp('2024-11-08 00:00:00'), 'volume': 1356900}, {'date': Timestamp('2024-11-07 00:00:00'), 'volume': 2966800}, {'date': Timestamp('2024-08-02 00:00:00'), 'volume': 958300}, {'date': Timestamp('2024-05-03 00:00:00'), 'volume': 1346800}, {'date': Timestamp('2024-02-23 00:00:00'), 'volume': 1858200}]",2025-10-10,731200,2133.669921875,0.24646083322097884,446
TEAM,daily,2024-11-01,9591100,343,10,"[{'date': Timestamp('2025-08-12 00:00:00'), 'volume': 5758200}, {'date': Timestamp('2025-08-11 00:00:00'), 'volume': 5300200}, {'date': Timestamp('2025-08-08 00:00:00'), 'volume': 7908800}, {'date': Timestamp('2025-08-07 00:00:00'), 'volume': 6738200}, {'date': Timestamp('2025-05-02 00:00:00'), 'volume': 8184800}, {'date': Timestamp('2025-01-31 00:00:00'), 'volume': 8323700}, {'date': Timestamp('2024-11-01 00:00:00'), 'volume': 9591100}, {'date': Timestamp('2024-08-02 00:00:00'), 'volume': 8355900}, {'date': Timestamp('2024-04-26 00:00:00'), 'volume': 5867000}, {'date': Timestamp('2024-02-02 00:00:00'), 'volume': 9354300}]",2025-10-10,2528000,144.55999755859375,0.2635776918184567,446
CSGP,daily,2024-10-23,14631200,352,10,"[{'date': Timestamp('2025-07-23 00:00:00'), 'volume': 6652500}, {'date': Timestamp('2025-04-30 00:00:00'), 'volume': 12497400}, {'date': Timestamp('2025-04-07 00:00:00'), 'volume': 7731800}, {'date': Timestamp('2025-02-19 00:00:00'), 'volume': 7407900}, {'date': Timestamp('2024-12-20 00:00:00'), 'volume': 7036000}, {'date': Timestamp('2024-10-24 00:00:00'), 'volume': 7892300}, {'date': Timestamp('2024-10-23 00:00:00'), 'volume': 14631200}, {'date': Timestamp('2024-07-24 00:00:00'), 'volume': 8515100}, {'date': Timestamp('2024-06-21 00:00:00'), 'volume': 6846700}, {'date': Timestamp('2024-03-15 00:00:00'), 'volume': 9555100}]",2025-10-10,3028500,75.58000183105469,0.20698917382032916,446
FANG,daily,2024-10-08,10794600,367,10,"[{'date': Timestamp('2025-06-13 00:00:00'), 'volume': 5208100}, {'date': Timestamp('2025-04-09 00:00:00'), 'volume': 5370800}, {'date': Timestamp('2025-04-07 00:00:00'), 'volume': 5480200}, {'date': Timestamp('2025-04-04 00:00:00'), 'volume': 5425100}, {'date': Timestamp('2025-04-03 00:00:00'), 'volume': 5414200}, {'date': Timestamp('2025-03-21 00:00:00'), 'volume': 7798100}, {'date': Timestamp('2024-12-20 00:00:00'), 'volume': 7837400}, {'date': Timestamp('2024-10-08 00:00:00'), 'volume': 10794600}, {'date': Timestamp('2024-09-20 00:00:00'), 'volume': 7855300}, {'date': Timestamp('2024-02-12 00:00:00'), 'volume': 7276300}]",2025-10-10,2134500,138.8634490966797,0.19773775776777278,446
MU,daily,2024-09-26,107965900,379,10,"[{'date': Timestamp('2025-09-24 00:00:00'), 'volume': 57096400}, {'date': Timestamp('2025-06-26 00:00:00'), 'volume': 62678100}, {'date': Timestamp('2025-04-09 00:00:00'), 'volume': 63132600}, {'date': Timestamp('2025-03-21 00:00:00'), 'volume': 63239600}, {'date': Timestamp('2024-12-19 00:00:00'), 'volume': 91396800}, {'date': Timestamp('2024-12-18 00:00:00'), 'volume': 63024300}, {'date': Timestamp('2024-09-26 00:00:00'), 'volume': 107965900}, {'date': Timestamp('2024-06-27 00:00:00'), 'volume': 68172700}, {'date': Timestamp('2024-03-25 00:00:00'), 'volume': 55766100}, {'date': Timestamp('2024-03-21 00:00:00'), 'volume': 89554100}]",2025-10-10,26990300,181.6000061035156,0.2499891169341431,446
PLTR,daily,2024-09-20,450290500,385,10,"[{'date': Timestamp('2025-08-20 00:00:00'), 'volume': 220336400}, {'date': Timestamp('2025-02-20 00:00:00'), 'volume': 243093900}, {'date': Timestamp('2025-02-04 00:00:00'), 'volume': 230806800}, {'date': Timestamp('2024-12-20 00:00:00'), 'volume': 281230800}, {'date': Timestamp('2024-11-05 00:00:00'), 'volume': 208868200}, {'date': Timestamp('2024-09-20 00:00:00'), 'volume': 450290500}, {'date': Timestamp('2024-03-06 00:00:00'), 'volume': 207386900}, {'date': Timestamp('2024-02-08 00:00:00'), 'volume': 212671100}, {'date': Timestamp('2024-02-07 00:00:00'), 'volume': 254911100}, {'date': Timestamp('2024-02-06 00:00:00'), 'volume': 420501900}]",2025-10-10,55194000,175.44000244140625,0.12257420487440886,446
QCOM,daily,2024-09-20,27546400,385,10,"[{'date': Timestamp('2025-07-31 00:00:00'), 'volume': 24440100}, {'date': Timestamp('2025-06-27 00:00:00'), 'volume': 22100300}, {'date': Timestamp('2025-05-01 00:00:00'), 'volume': 22836600}, {'date': Timestamp('2024-11-07 00:00:00'), 'volume': 23586300}, {'date': Timestamp('2024-09-20 00:00:00'), 'volume': 27546400}, {'date': Timestamp('2024-08-01 00:00:00'), 'volume': 24795000}, {'date': Timestamp('2024-06-21 00:00:00'), 'volume': 22286500}, {'date': Timestamp('2024-06-18 00:00:00'), 'volume': 22037500}, {'date': Timestamp('2024-05-02 00:00:00'), 'volume': 25894800}, {'date': Timestamp('2024-02-01 00:00:00'), 'volume': 22810600}]",2025-10-10,15818600,153.58999633789062,0.5742528969302704,446
AAPL,daily,2024-09-20,318679900,385,10,"[{'date': Timestamp('2025-09-19 00:00:00'), 'volume': 163741300}, {'date': Timestamp('2025-04-09 00:00:00'), 'volume': 184395900}, {'date': Timestamp('2025-04-07 00:00:00'), 'volume': 160466300}, {'date': Timestamp('2024-12-20 00:00:00'), 'volume': 147495300}, {'date': Timestamp('2024-09-20 00:00:00'), 'volume': 318679900}, {'date': Timestamp('2024-06-21 00:00:00'), 'volume': 241805100}, {'date': Timestamp('2024-06-12 00:00:00'), 'volume': 198134300}, {'date': Timestamp('2024-06-11 00:00:00'), 'volume': 172373300}, {'date': Timestamp('2024-05-03 00:00:00'), 'volume': 163224100}, {'date': Timestamp('2024-02-29 00:00:00'), 'volume': 136682600}]",2025-10-10,61999100,245.032470703125,0.1945497660818897,446
PDD,daily,2024-08-26,103174600,410,10,"[{'date': Timestamp('2025-05-27 00:00:00'), 'volume': 51047400}, {'date': Timestamp('2025-04-09 00:00:00'), 'volume': 36707700}, {'date': Timestamp('2024-10-02 00:00:00'), 'volume': 35954200}, {'date': Timestamp('2024-09-30 00:00:00'), 'volume': 33992100}, {'date': Timestamp('2024-09-27 00:00:00'), 'volume': 37285500}, {'date': Timestamp('2024-09-26 00:00:00'), 'volume': 49589800}, {'date': Timestamp('2024-08-28 00:00:00'), 'volume': 53162900}, {'date': Timestamp('2024-08-27 00:00:00'), 'volume': 40784000}, {'date': Timestamp('2024-08-26 00:00:00'), 'volume': 103174600}, {'date': Timestamp('2024-03-20 00:00:00'), 'volume': 45616100}]",2025-10-10,21804400,124.2699966430664,0.211334960348768,446
SBUX,daily,2024-08-13,157215500,423,10,"[{'date': Timestamp('2025-07-30 00:00:00'), 'volume': 44794700}, {'date': Timestamp('2025-04-30 00:00:00'), 'volume': 41297000}, {'date': Timestamp('2025-04-09 00:00:00'), 'volume': 26668100}, {'date': Timestamp('2025-01-29 00:00:00'), 'volume': 40769300}, {'date': Timestamp('2024-12-20 00:00:00'), 'volume': 26477500}, {'date': Timestamp('2024-08-14 00:00:00'), 'volume': 45737800}, {'date': Timestamp('2024-08-13 00:00:00'), 'volume': 157215500}, {'date': Timestamp('2024-07-19 00:00:00'), 'volume': 32965900}, {'date': Timestamp('2024-05-01 00:00:00'), 'volume': 66610700}, {'date': Timestamp('2024-01-31 00:00:00'), 'volume': 26751800}]",2025-10-10,11129800,77.8972396850586,0.07079327420006297,446
ABNB,daily,2024-08-07,29027900,429,10,"[{'date': Timestamp('2025-08-07 00:00:00'), 'volume': 17502100}, {'date': Timestamp('2025-04-09 00:00:00'), 'volume': 12840700}, {'date': Timestamp('2025-02-14 00:00:00'), 'volume': 21649300}, {'date': Timestamp('2025-02-13 00:00:00'), 'volume': 12745300}, {'date': Timestamp('2024-12-20 00:00:00'), 'volume': 15471700}, {'date': Timestamp('2024-11-08 00:00:00'), 'volume': 19189000}, {'date': Timestamp('2024-09-20 00:00:00'), 'volume': 12476300}, {'date': Timestamp('2024-08-07 00:00:00'), 'volume': 29027900}, {'date': Timestamp('2024-05-09 00:00:00'), 'volume': 14802600}, {'date': Timestamp('2024-02-14 00:00:00'), 'volume': 16021800}]",2025-10-10,5107100,118.19000244140624,0.1759376324157104,446
AMZN,daily,2024-08-02,141448400,434,10,"[{'date': Timestamp('2025-08-01 00:00:00'), 'volume': 122258800}, {'date': Timestamp('2025-07-31 00:00:00'), 'volume': 104357300}, {'date': Timestamp('2025-06-27 00:00:00'), 'volume': 119217100}, {'date': Timestamp('2025-04-09 00:00:00'), 'volume': 116804300}, {'date': Timestamp('2025-04-07 00:00:00'), 'volume': 109327100}, {'date': Timestamp('2025-04-04 00:00:00'), 'volume': 123159400}, {'date': Timestamp('2024-11-01 00:00:00'), 'volume': 99687800}, {'date': Timestamp('2024-09-20 00:00:00'), 'volume': 100378600}, {'date': Timestamp('2024-08-02 00:00:00'), 'volume': 141448400}, {'date': Timestamp('2024-02-02 00:00:00'), 'volume': 117218300}]",2025-10-10,72367500,216.3699951171875,0.5116176641093148,446
DXCM,daily,2024-07-26,53914100,441,10,"[{'date': Timestamp('2025-09-22 00:00:00'), 'volume': 11279300}, {'date': Timestamp('2025-09-19 00:00:00'), 'volume': 20848700}, {'date': Timestamp('2024-12-20 00:00:00'), 'volume': 11578500}, {'date': Timestamp('2024-10-25 00:00:00'), 'volume': 14562600}, {'date': Timestamp('2024-08-01 00:00:00'), 'volume': 11193800}, {'date': Timestamp('2024-07-31 00:00:00'), 'volume': 11128900}, {'date': Timestamp('2024-07-30 00:00:00'), 'volume': 15509800}, {'date': Timestamp('2024-07-29 00:00:00'), 'volume': 18397300}, {'date': Timestamp('2024-07-26 00:00:00'), 'volume': 53914100}, {'date': Timestamp('2024-07-25 00:00:00'), 'volume': 11418000}]",2025-10-10,3502900,65.12000274658203,0.06497187192218733,446
ROP,daily,2024-07-24,2064400,443,10,"[{'date': Timestamp('2025-10-10 00:00:00'), 'volume': 1290900}, {'date': Timestamp('2025-10-08 00:00:00'), 'volume': 1513200}, {'date': Timestamp('2025-10-06 00:00:00'), 'volume': 1210200}, {'date': Timestamp('2025-09-19 00:00:00'), 'volume': 1437900}, {'date': Timestamp('2025-09-16 00:00:00'), 'volume': 1871700}, {'date': Timestamp('2025-08-20 00:00:00'), 'volume': 1337500}, {'date': Timestamp('2025-04-04 00:00:00'), 'volume': 1672600}, {'date': Timestamp('2024-12-20 00:00:00'), 'volume': 1742100}, {'date': Timestamp('2024-09-20 00:00:00'), 'volume': 1507100}, {'date': Timestamp('2024-07-24 00:00:00'), 'volume': 2064400}]",2025-10-10,1290900,509.0,0.6253148614609572,446
CTAS,daily,2024-06-28,10214000,469,10,"[{'date': Timestamp('2025-09-19 00:00:00'), 'volume': 4117900}, {'date': Timestamp('2025-08-25 00:00:00'), 'volume': 3862700}, {'date': Timestamp('2025-04-09 00:00:00'), 'volume': 4053900}, {'date': Timestamp('2025-04-07 00:00:00'), 'volume': 5369400}, {'date': Timestamp('2025-04-04 00:00:00'), 'volume': 3969300}, {'date': Timestamp('2024-12-20 00:00:00'), 'volume': 6170200}, {'date': Timestamp('2024-12-19 00:00:00'), 'volume': 6208800}, {'date': Timestamp('2024-12-09 00:00:00'), 'volume': 4021400}, {'date': Timestamp('2024-06-28 00:00:00'), 'volume': 10214000}, {'date': Timestamp('2024-03-27 00:00:00'), 'volume': 4428400}]",2025-10-10,3428200,187.5098876953125,0.335637360485608,446
EXC,daily,2024-06-28,23274000,469,10,"[{'date': Timestamp('2025-05-30 00:00:00'), 'volume': 20942200}, {'date': Timestamp('2025-04-09 00:00:00'), 'volume': 20037600}, {'date': Timestamp('2025-04-08 00:00:00'), 'volume': 22010000}, {'date': Timestamp('2025-04-07 00:00:00'), 'volume': 17543600}, {'date': Timestamp('2024-12-20 00:00:00'), 'volume': 20813900}, {'date': Timestamp('2024-09-20 00:00:00'), 'volume': 18779400}, {'date': Timestamp('2024-09-12 00:00:00'), 'volume': 19881400}, {'date': Timestamp('2024-06-28 00:00:00'), 'volume': 23274000}, {'date': Timestamp('2024-06-21 00:00:00'), 'volume': 18869000}, {'date': Timestamp('2024-03-15 00:00:00'), 'volume': 17634800}]",2025-10-10,5979700,46.66255569458008,0.2569261837243276,446
MAR,daily,2024-06-28,6788900,469,10,"[{'date': Timestamp('2025-06-27 00:00:00'), 'volume': 4507300}, {'date': Timestamp('2025-04-09 00:00:00'), 'volume': 4482400}, {'date': Timestamp('2025-04-08 00:00:00'), 'volume': 3721900}, {'date': Timestamp('2025-04-07 00:00:00'), 'volume': 3900200}, {'date': Timestamp('2025-03-21 00:00:00'), 'volume': 4301000}, {'date': Timestamp('2024-08-05 00:00:00'), 'volume': 4057500}, {'date': Timestamp('2024-08-02 00:00:00'), 'volume': 3679000}, {'date': Timestamp('2024-07-31 00:00:00'), 'volume': 4316500}, {'date': Timestamp('2024-06-28 00:00:00'), 'volume': 6788900}, {'date': Timestamp('2024-03-15 00:00:00'), 'volume': 3709700}]",2025-10-10,1728200,260.20001220703125,0.2545625948239037,446
CPRT,daily,2024-06-28,25202500,469,10,"[{'date': Timestamp('2025-09-19 00:00:00'), 'volume': 20164400}, {'date': Timestamp('2025-09-05 00:00:00'), 'volume': 17584700}, {'date': Timestamp('2025-07-15 00:00:00'), 'volume': 18588200}, {'date': Timestamp('2025-06-20 00:00:00'), 'volume': 14397400}, {'date': Timestamp('2025-06-16 00:00:00'), 'volume': 13257000}, {'date': Timestamp('2025-05-30 00:00:00'), 'volume': 16258300}, {'date': Timestamp('2025-05-27 00:00:00'), 'volume': 14141200}, {'date': Timestamp('2025-05-23 00:00:00'), 'volume': 20812400}, {'date': Timestamp('2024-06-28 00:00:00'), 'volume': 25202500}, {'date': Timestamp('2024-02-23 00:00:00'), 'volume': 13718500}]",2025-10-10,7861400,43.880001068115234,0.31192937208610255,446
PCAR,daily,2024-06-28,11403400,469,10,"[{'date': Timestamp('2025-09-19 00:00:00'), 'volume': 7590800}, {'date': Timestamp('2025-07-22 00:00:00'), 'volume': 7152300}, {'date': Timestamp('2025-04-29 00:00:00'), 'volume': 8488700}, {'date': Timestamp('2025-03-21 00:00:00'), 'volume': 8554800}, {'date': Timestamp('2024-10-22 00:00:00'), 'volume': 7366800}, {'date': Timestamp('2024-07-24 00:00:00'), 'volume': 7612500}, {'date': Timestamp('2024-07-23 00:00:00'), 'volume': 7686800}, {'date': Timestamp('2024-06-28 00:00:00'), 'volume': 11403400}, {'date': Timestamp('2024-04-30 00:00:00'), 'volume': 7380200}, {'date': Timestamp('2024-03-15 00:00:00'), 'volume': 7281300}]",2025-10-10,2673200,92.68690490722656,0.23442131294175422,446
CRWD,daily,2024-06-21,52256000,476,10,"[{'date': Timestamp('2025-03-05 00:00:00'), 'volume': 15958100}, {'date': Timestamp('2024-09-20 00:00:00'), 'volume': 17875100}, {'date': Timestamp('2024-07-30 00:00:00'), 'volume': 25824900}, {'date': Timestamp('2024-07-23 00:00:00'), 'volume': 33583100}, {'date': Timestamp('2024-07-22 00:00:00'), 'volume': 49567500}, {'date': Timestamp('2024-07-19 00:00:00'), 'volume': 42145700}, {'date': Timestamp('2024-06-21 00:00:00'), 'volume': 52256000}, {'date': Timestamp('2024-06-10 00:00:00'), 'volume': 15590700}, {'date': Timestamp('2024-06-05 00:00:00'), 'volume': 16035600}, {'date': Timestamp('2024-03-06 00:00:00'), 'volume': 23050900}]",2025-10-10,3142600,493.6600036621094,0.06013854868340478,446
GILD,daily,2024-06-21,31120000,476,10,"[{'date': Timestamp('2025-09-08 00:00:00'), 'volume': 16945000}, {'date': Timestamp('2025-06-27 00:00:00'), 'volume': 19545200}, {'date': Timestamp('2025-06-20 00:00:00'), 'volume': 23268100}, {'date': Timestamp('2025-04-09 00:00:00'), 'volume': 19225200}, {'date': Timestamp('2025-03-21 00:00:00'), 'volume': 26497500}, {'date': Timestamp('2024-12-20 00:00:00'), 'volume': 22530200}, {'date': Timestamp('2024-09-20 00:00:00'), 'volume': 24926000}, {'date': Timestamp('2024-06-21 00:00:00'), 'volume': 31120000}, {'date': Timestamp('2024-06-20 00:00:00'), 'volume': 25061700}, {'date': Timestamp('2024-01-22 00:00:00'), 'volume': 20378600}]",2025-10-10,7896600,117.18000030517578,0.25374678663239075,446
MNST,daily,2024-06-05,36709500,492,10,"[{'date': Timestamp('2025-04-08 00:00:00'), 'volume': 19283900}, {'date': Timestamp('2024-08-08 00:00:00'), 'volume': 27323100}, {'date': Timestamp('2024-06-12 00:00:00'), 'volume': 27290100}, {'date': Timestamp('2024-06-10 00:00:00'), 'volume': 20168200}, {'date': Timestamp('2024-06-07 00:00:00'), 'volume': 18586500}, {'date': Timestamp('2024-06-06 00:00:00'), 'volume': 35094400}, {'date': Timestamp('2024-06-05 00:00:00'), 'volume': 36709500}, {'date': Timestamp('2024-06-04 00:00:00'), 'volume': 26337600}, {'date': Timestamp('2024-06-03 00:00:00'), 'volume': 26613800}, {'date': Timestamp('2024-05-31 00:00:00'), 'volume': 20482800}]",2025-10-10,6769400,69.62000274658203,0.1844045819202114,446
ADSK,daily,2024-06-03,8149000,494,10,"[{'date': Timestamp('2025-08-29 00:00:00'), 'volume': 4904200}, {'date': Timestamp('2025-07-10 00:00:00'), 'volume': 4698700}, {'date': Timestamp('2025-05-30 00:00:00'), 'volume': 4533900}, {'date': Timestamp('2025-02-28 00:00:00'), 'volume': 5094000}, {'date': Timestamp('2024-12-20 00:00:00'), 'volume': 4190800}, {'date': Timestamp('2024-06-21 00:00:00'), 'volume': 5677300}, {'date': Timestamp('2024-06-17 00:00:00'), 'volume': 5019800}, {'date': Timestamp('2024-06-03 00:00:00'), 'volume': 8149000}, {'date': Timestamp('2024-04-18 00:00:00'), 'volume': 4608900}, {'date': Timestamp('2024-04-17 00:00:00'), 'volume': 6357400}]",2025-10-10,1480200,303.5,0.1816419192538962,446
VRSK,daily,2024-05-31,2984800,497,10,"[{'date': Timestamp('2025-09-19 00:00:00'), 'volume': 2380600}, {'date': Timestamp('2025-07-31 00:00:00'), 'volume': 2403200}, {'date': Timestamp('2025-07-30 00:00:00'), 'volume': 2417200}, {'date': Timestamp('2025-06-27 00:00:00'), 'volume': 2480400}, {'date': Timestamp('2025-06-20 00:00:00'), 'volume': 1898200}, {'date': Timestamp('2025-04-09 00:00:00'), 'volume': 1965700}, {'date': Timestamp('2025-04-08 00:00:00'), 'volume': 1852800}, {'date': Timestamp('2025-04-04 00:00:00'), 'volume': 2102300}, {'date': Timestamp('2024-05-31 00:00:00'), 'volume': 2984800}, {'date': Timestamp('2024-02-21 00:00:00'), 'volume': 1876300}]",2025-10-10,1143400,243.05999755859372,0.3830742428303404,446
GFS,daily,2024-05-23,12350800,505,10,"[{'date': Timestamp('2025-09-30 00:00:00'), 'volume': 8552800}, {'date': Timestamp('2025-09-29 00:00:00'), 'volume': 7813600}, {'date': Timestamp('2025-09-26 00:00:00'), 'volume': 8497000}, {'date': Timestamp('2025-09-19 00:00:00'), 'volume': 6924800}, {'date': Timestamp('2025-08-05 00:00:00'), 'volume': 8193000}, {'date': Timestamp('2025-03-21 00:00:00'), 'volume': 8360500}, {'date': Timestamp('2025-02-11 00:00:00'), 'volume': 6970200}, {'date': Timestamp('2024-11-05 00:00:00'), 'volume': 6780800}, {'date': Timestamp('2024-07-17 00:00:00'), 'volume': 6932800}, {'date': Timestamp('2024-05-23 00:00:00'), 'volume': 12350800}]",2025-10-10,4388500,32.959999084472656,0.3553211128024096,446
ADBE,daily,2024-03-15,19580800,574,10,"[{'date': Timestamp('2025-09-12 00:00:00'), 'volume': 14146600}, {'date': Timestamp('2025-09-11 00:00:00'), 'volume': 11804200}, {'date': Timestamp('2025-06-13 00:00:00'), 'volume': 10629700}, {'date': Timestamp('2025-03-13 00:00:00'), 'volume': 14386600}, {'date': Timestamp('2024-12-13 00:00:00'), 'volume': 11395500}, {'date': Timestamp('2024-12-12 00:00:00'), 'volume': 17344900}, {'date': Timestamp('2024-09-13 00:00:00'), 'volume': 10423500}, {'date': Timestamp('2024-06-14 00:00:00'), 'volume': 14846600}, {'date': Timestamp('2024-03-15 00:00:00'), 'volume': 19580800}, {'date': Timestamp('2024-02-16 00:00:00'), 'volume': 10328400}]",2025-10-10,4282400,337.510009765625,0.21870403660728877,446
LIN,daily,2024-03-15,33347400,574,10,"[{'date': Timestamp('2025-06-20 00:00:00'), 'volume': 4365000}, {'date': Timestamp('2025-05-30 00:00:00'), 'volume': 4344700}, {'date': Timestamp('2025-04-10 00:00:00'), 'volume': 4239000}, {'date': Timestamp('2025-04-04 00:00:00'), 'volume': 4430700}, {'date': Timestamp('2025-03-21 00:00:00'), 'volume': 4969900}, {'date': Timestamp('2025-03-04 00:00:00'), 'volume': 5027000}, {'date': Timestamp('2024-12-20 00:00:00'), 'volume': 6680900}, {'date': Timestamp('2024-05-02 00:00:00'), 'volume': 5267300}, {'date': Timestamp('2024-03-15 00:00:00'), 'volume': 33347400}, {'date': Timestamp('2024-03-11 00:00:00'), 'volume': 4251500}]",2025-10-10,2038900,453.8200073242188,0.061141198414269175,446
ADP,daily,2024-03-15,11912100,574,10,"[{'date': Timestamp('2025-09-19 00:00:00'), 'volume': 4039600}, {'date': Timestamp('2025-06-20 00:00:00'), 'volume': 3659000}, {'date': Timestamp('2025-04-07 00:00:00'), 'volume': 3541600}, {'date': Timestamp('2025-04-04 00:00:00'), 'volume': 3769200}, {'date': Timestamp('2025-03-21 00:00:00'), 'volume': 3951100}, {'date': Timestamp('2025-03-05 00:00:00'), 'volume': 3471000}, {'date': Timestamp('2024-12-20 00:00:00'), 'volume': 4165800}, {'date': Timestamp('2024-03-15 00:00:00'), 'volume': 11912100}, {'date': Timestamp('2024-03-04 00:00:00'), 'volume': 3661500}, {'date': Timestamp('2024-01-31 00:00:00'), 'volume': 4436100}]",2025-10-10,2717700,285.19000244140625,0.2281461707003803,446
COST,daily,2024-03-08,8590200,581,10,"[{'date': Timestamp('2025-09-26 00:00:00'), 'volume': 4812900}, {'date': Timestamp('2025-05-30 00:00:00'), 'volume': 5403800}, {'date': Timestamp('2025-04-09 00:00:00'), 'volume': 5084500}, {'date': Timestamp('2025-04-07 00:00:00'), 'volume': 4626600}, {'date': Timestamp('2025-04-04 00:00:00'), 'volume': 5167000}, {'date': Timestamp('2025-03-07 00:00:00'), 'volume': 5510700}, {'date': Timestamp('2024-12-20 00:00:00'), 'volume': 5373800}, {'date': Timestamp('2024-09-20 00:00:00'), 'volume': 4658200}, {'date': Timestamp('2024-07-11 00:00:00'), 'volume': 6021100}, {'date': Timestamp('2024-03-08 00:00:00'), 'volume': 8590200}]",2025-10-10,3142500,928.6961669921876,0.36582384577774674,446
NVDA,daily,2024-03-08,1142269000,581,10,"[{'date': Timestamp('2025-01-27 00:00:00'), 'volume': 818830900}, {'date': Timestamp('2024-05-23 00:00:00'), 'volume': 835065000}, {'date': Timestamp('2024-04-19 00:00:00'), 'volume': 875198000}, {'date': Timestamp('2024-03-08 00:00:00'), 'volume': 1142269000}, {'date': Timestamp('2024-02-23 00:00:00'), 'volume': 829388000}, {'date': Timestamp('2024-02-22 00:00:00'), 'volume': 865100000}, {'date': Timestamp('2024-02-20 00:00:00'), 'volume': 704833000}, {'date': Timestamp('2024-02-06 00:00:00'), 'volume': 683111000}, {'date': Timestamp('2024-02-05 00:00:00'), 'volume': 680078000}, {'date': Timestamp('2024-01-09 00:00:00'), 'volume': 773100000}]",2025-10-10,268774400,183.16000366210935,0.2352986905886442,446
ZS,daily,2024-03-01,11834200,588,10,"[{'date': Timestamp('2025-09-03 00:00:00'), 'volume': 6038300}, {'date': Timestamp('2025-06-02 00:00:00'), 'volume': 5827300}, {'date': Timestamp('2025-05-30 00:00:00'), 'volume': 9946300}, {'date': Timestamp('2025-03-06 00:00:00'), 'volume': 6523500}, {'date': Timestamp('2024-12-03 00:00:00'), 'volume': 7979700}, {'date': Timestamp('2024-09-04 00:00:00'), 'volume': 10904800}, {'date': Timestamp('2024-05-31 00:00:00'), 'volume': 10109800}, {'date': Timestamp('2024-03-01 00:00:00'), 'volume': 11834200}, {'date': Timestamp('2024-02-29 00:00:00'), 'volume': 6757300}, {'date': Timestamp('2024-02-21 00:00:00'), 'volume': 7801300}]",2025-10-10,1511000,309.8800048828125,0.12768078957597473,446
XEL,daily,2024-02-29,22782200,589,10,"[{'date': Timestamp('2025-09-24 00:00:00'), 'volume': 14058700}, {'date': Timestamp('2024-12-20 00:00:00'), 'volume': 13060700}, {'date': Timestamp('2024-11-04 00:00:00'), 'volume': 12450800}, {'date': Timestamp('2024-03-14 00:00:00'), 'volume': 11860000}, {'date': Timestamp('2024-03-07 00:00:00'), 'volume': 17186900}, {'date': Timestamp('2024-03-06 00:00:00'), 'volume': 14401900}, {'date': Timestamp('2024-03-05 00:00:00'), 'volume': 12549200}, {'date': Timestamp('2024-03-01 00:00:00'), 'volume': 19038400}, {'date': Timestamp('2024-02-29 00:00:00'), 'volume': 22782200}, {'date': Timestamp('2024-01-31 00:00:00'), 'volume': 13842700}]",2025-10-10,4273600,80.93000030517578,0.1875850444645381,446
BKNG,daily,2024-02-23,958500,595,10,"[{'date': Timestamp('2025-04-09 00:00:00'), 'volume': 602600}, {'date': Timestamp('2025-04-07 00:00:00'), 'volume': 558400}, {'date': Timestamp('2025-03-21 00:00:00'), 'volume': 574400}, {'date': Timestamp('2025-02-21 00:00:00'), 'volume': 724500}, {'date': Timestamp('2024-08-05 00:00:00'), 'volume': 665200}, {'date': Timestamp('2024-08-02 00:00:00'), 'volume': 801500}, {'date': Timestamp('2024-08-01 00:00:00'), 'volume': 551900}, {'date': Timestamp('2024-05-03 00:00:00'), 'volume': 534600}, {'date': Timestamp('2024-03-15 00:00:00'), 'volume': 771100}, {'date': Timestamp('2024-02-23 00:00:00'), 'volume': 958500}]",2025-10-10,196900,5164.93017578125,0.20542514345331248,446
PANW,daily,2024-02-21,87630400,597,10,"[{'date': Timestamp('2025-08-19 00:00:00'), 'volume': 27834500}, {'date': Timestamp('2025-07-31 00:00:00'), 'volume': 29824700}, {'date': Timestamp('2025-07-30 00:00:00'), 'volume': 42277200}, {'date': Timestamp('2024-08-20 00:00:00'), 'volume': 25706000}, {'date': Timestamp('2024-05-21 00:00:00'), 'volume': 27524800}, {'date': Timestamp('2024-02-27 00:00:00'), 'volume': 42708600}, {'date': Timestamp('2024-02-26 00:00:00'), 'volume': 43874400}, {'date': Timestamp('2024-02-23 00:00:00'), 'volume': 30663000}, {'date': Timestamp('2024-02-22 00:00:00'), 'volume': 38594600}, {'date': Timestamp('2024-02-21 00:00:00'), 'volume': 87630400}]",2025-10-10,5425000,208.5500030517578,0.06190773977980244,446
ARM,daily,2024-02-12,111349700,606,10,"[{'date': Timestamp('2024-08-01 00:00:00'), 'volume': 31205200}, {'date': Timestamp('2024-05-09 00:00:00'), 'volume': 29441200}, {'date': Timestamp('2024-04-19 00:00:00'), 'volume': 29439000}, {'date': Timestamp('2024-02-22 00:00:00'), 'volume': 29492400}, {'date': Timestamp('2024-02-15 00:00:00'), 'volume': 34996600}, {'date': Timestamp('2024-02-14 00:00:00'), 'volume': 42519600}, {'date': Timestamp('2024-02-13 00:00:00'), 'volume': 68563900}, {'date': Timestamp('2024-02-12 00:00:00'), 'volume': 111349700}, {'date': Timestamp('2024-02-09 00:00:00'), 'volume': 48096500}, {'date': Timestamp('2024-02-08 00:00:00'), 'volume': 106505700}]",2025-10-10,8384000,154.80999755859375,0.07529432050557837,446
PYPL,daily,2024-02-08,68272700,610,10,"[{'date': Timestamp('2025-07-29 00:00:00'), 'volume': 42890700}, {'date': Timestamp('2025-02-04 00:00:00'), 'volume': 58801900}, {'date': Timestamp('2024-10-29 00:00:00'), 'volume': 35206400}, {'date': Timestamp('2024-07-30 00:00:00'), 'volume': 44232800}, {'date': Timestamp('2024-04-30 00:00:00'), 'volume': 43903400}, {'date': Timestamp('2024-02-08 00:00:00'), 'volume': 68272700}, {'date': Timestamp('2024-02-07 00:00:00'), 'volume': 33211300}, {'date': Timestamp('2024-01-25 00:00:00'), 'volume': 43452600}, {'date': Timestamp('2024-01-22 00:00:00'), 'volume': 44006900}, {'date': Timestamp('2024-01-19 00:00:00'), 'volume': 38264600}]",2025-10-10,22326500,69.67891693115234,0.32701943822347734,446
AZN,daily,2024-02-08,28929000,610,10,"[{'date': Timestamp('2025-10-10 00:00:00'), 'volume': 14476300}, {'date': Timestamp('2025-10-01 00:00:00'), 'volume': 14451400}, {'date': Timestamp('2025-07-29 00:00:00'), 'volume': 14431400}, {'date': Timestamp('2025-04-08 00:00:00'), 'volume': 15401000}, {'date': Timestamp('2024-11-07 00:00:00'), 'volume': 14404300}, {'date': Timestamp('2024-11-06 00:00:00'), 'volume': 16622700}, {'date': Timestamp('2024-11-05 00:00:00'), 'volume': 15413300}, {'date': Timestamp('2024-04-25 00:00:00'), 'volume': 15606600}, {'date': Timestamp('2024-02-09 00:00:00'), 'volume': 13734400}, {'date': Timestamp('2024-02-08 00:00:00'), 'volume': 28929000}]",2025-10-10,14476300,84.52999877929688,0.5004078951916762,446
META,daily,2024-02-02,84707600,616,10,"[{'date': Timestamp('2025-07-31 00:00:00'), 'volume': 38831100}, {'date': Timestamp('2025-04-09 00:00:00'), 'volume': 39216600}, {'date': Timestamp('2025-04-07 00:00:00'), 'volume': 36606100}, {'date': Timestamp('2025-04-04 00:00:00'), 'volume': 38589800}, {'date': Timestamp('2024-12-20 00:00:00'), 'volume': 48989400}, {'date': Timestamp('2024-08-01 00:00:00'), 'volume': 43083100}, {'date': Timestamp('2024-04-25 00:00:00'), 'volume': 82890700}, {'date': Timestamp('2024-04-24 00:00:00'), 'volume': 37772700}, {'date': Timestamp('2024-02-05 00:00:00'), 'volume': 40832400}, {'date': Timestamp('2024-02-02 00:00:00'), 'volume': 84707600}]",2025-10-10,16980100,705.2999877929688,0.20045544909783775,446
BKR,daily,2024-01-30,23727200,619,10,"[{'date': Timestamp('2025-07-23 00:00:00'), 'volume': 21794200}, {'date': Timestamp('2025-04-09 00:00:00'), 'volume': 17307300}, {'date': Timestamp('2025-04-07 00:00:00'), 'volume': 16798500}, {'date': Timestamp('2025-04-04 00:00:00'), 'volume': 20974600}, {'date': Timestamp('2025-03-21 00:00:00'), 'volume': 20139200}, {'date': Timestamp('2025-01-31 00:00:00'), 'volume': 21163800}, {'date': Timestamp('2024-12-20 00:00:00'), 'volume': 17974900}, {'date': Timestamp('2024-01-30 00:00:00'), 'volume': 23727200}, {'date': Timestamp('2024-01-25 00:00:00'), 'volume': 21034700}, {'date': Timestamp('2024-01-24 00:00:00'), 'volume': 20069600}]",2025-10-10,7467000,44.82702255249024,0.3147021140294683,446
LRCX,daily,2024-01-25,31073000,624,10,"[{'date': Timestamp('2025-07-31 00:00:00'), 'volume': 27661800}, {'date': Timestamp('2025-04-09 00:00:00'), 'volume': 29544700}, {'date': Timestamp('2025-04-07 00:00:00'), 'volume': 28191400}, {'date': Timestamp('2025-04-04 00:00:00'), 'volume': 26250900}, {'date': Timestamp('2024-12-20 00:00:00'), 'volume': 29404500}, {'date': Timestamp('2024-10-15 00:00:00'), 'volume': 25611300}, {'date': Timestamp('2024-09-20 00:00:00'), 'volume': 29262000}, {'date': Timestamp('2024-08-02 00:00:00'), 'volume': 27073000}, {'date': Timestamp('2024-08-01 00:00:00'), 'volume': 28880000}, {'date': Timestamp('2024-01-25 00:00:00'), 'volume': 31073000}]",2025-10-10,18749000,131.3699951171875,0.6033855759019084,446
NFLX,daily,2024-01-24,264328000,625,10,"[{'date': Timestamp('2025-07-18 00:00:00'), 'volume': 106933000}, {'date': Timestamp('2025-04-21 00:00:00'), 'volume': 97757000}, {'date': Timestamp('2025-01-22 00:00:00'), 'volume': 142732000}, {'date': Timestamp('2025-01-21 00:00:00'), 'volume': 98514000}, {'date': Timestamp('2024-10-18 00:00:00'), 'volume': 159741000}, {'date': Timestamp('2024-07-19 00:00:00'), 'volume': 98156000}, {'date': Timestamp('2024-04-19 00:00:00'), 'volume': 164497000}, {'date': Timestamp('2024-01-26 00:00:00'), 'volume': 127706000}, {'date': Timestamp('2024-01-24 00:00:00'), 'volume': 264328000}, {'date': Timestamp('2024-01-23 00:00:00'), 'volume': 155060000}]",2025-10-10,42798000,122.00800323486328,0.16191247238279713,446
FAST,daily,2024-01-18,25586200,631,10,"[{'date': Timestamp('2025-07-14 00:00:00'), 'volume': 18532700}, {'date': Timestamp('2025-04-09 00:00:00'), 'volume': 15717600}, {'date': Timestamp('2025-03-21 00:00:00'), 'volume': 17562800}, {'date': Timestamp('2025-01-17 00:00:00'), 'volume': 15673600}, {'date': Timestamp('2024-10-11 00:00:00'), 'volume': 16941000}, {'date': Timestamp('2024-05-31 00:00:00'), 'volume': 24297800}, {'date': Timestamp('2024-04-11 00:00:00'), 'volume': 22103400}, {'date': Timestamp('2024-03-15 00:00:00'), 'volume': 21613400}, {'date': Timestamp('2024-01-31 00:00:00'), 'volume': 23810400}, {'date': Timestamp('2024-01-18 00:00:00'), 'volume': 25586200}]",2025-10-10,9382600,45.543243408203125,0.3667054896780296,446
