ticker,description,market_cap,market_cap_currency,sector,industry,exchange,analyst rating,upcoming earnings date,recent earnings date,index,"high, 1 day","high, 1 day - currency","low, 1 day","low, 1 day - currency","open, 1 day","open, 1 day - currency",price,price - currency,"volume, 1 day",NasdaqUSLargeCapGrowth,NASDAQUSBenchmarkFoodProducers,Russell3000,Russell1000,SP500,SP500ConsumerDiscretionary,STOXXGlobal1800,STOXXNorthAmerica600,STOXXUSA500,STOXXGlobal1800exAsiaPacific,STOXXGlobal1800exEurope,STOXXDevelopedMarkets2400,NasdaqUSSmallCapGrowth,NASDAQComposite,NASDAQBank,SP500ESG,NasdaqUSMidCapGrowth,NASDAQIndustrials,NASDAQComputer,Russell2000,SPMidCap400,MiniRussell2000,DowJonesIndustrialAverage,SP500Financials,KBWNASDAQBank,SP100,DowJonesCompositeAverage,STOXXGlobal150,STOXXNorthAmerica50,STOXXAmericas100,STOXXGlobal200,NASDAQ100,PHLXSemiconductorSector,SP500InformationTechnology,NASDAQ100TechnologySector,SP500HealthCare,SP500Materials,NASDAQBiotechnology,NASDAQRealEstateandOtherFinancialServices,SP500Industrials,SP500CommunicationServices,NASDAQTelecommunications,STOXXDevelopedMarkets150,NASDAQCBInsightsMetaverseUS,PHLXHousingSector,NASDAQInsurance,SP500ConsumerStaples,NASDAQTransportation,NasdaqInnovatorsCompletionCap,DowJonesTransportationAverage,KBWNASDAQFinancialTechnology,ISECTACloudComputing,NASDAQCleanEdgeGreenEnergy,SP500Energy,SP500RealEstate,NASDAQGoldenDragonChina,PHLXOilServiceSector,PHLXUtilitiesSector,SP500Utilities,DowJonesUtilityAverage,PHLXGoldSilverSector,STOXXEmergingMarkets1500,exchange_NYSE,exchange_NYSE Arca,exchange_NASDAQ,exchange_CBOE,rating_Buy,rating_No_rating,rating_Neutral,rating_Strong_buy,rating_Strong_sell,rating_Sell
MU,"Micron Technology, Inc.",1276967111827.1174,USD,Electronic technology,Semiconductors,NASDAQ,Strong buy,2026-09-29,2026-06-24,"S&P 500, NASDAQ 100, NASDAQ Composite, PHLX Semiconductor Sector, S&P 500 Information Technology, S&P 500 ESG, Nasdaq US Large Cap Growth, NASDAQ Computer, NASDAQ-100 Technology Sector, S&P 100, Russell 3000, Russell 1000, STOXX Global 1800, STOXX North America 600, STOXX USA 500, STOXX Global 1800 ex Asia/Pacific, STOXX Global 1800 ex Europe, STOXX Global 150, STOXX North America 50, STOXX Global 200, STOXX Developed Markets 2400, STOXX USA 500",1198.7121,USD,1121.36,USD,1139.075,USD,1132.33,USD,86403448,True,False,True,True,True,False,True,True,True,True,True,True,False,True,False,True,False,False,True,False,False,False,False,False,False,True,False,True,True,False,True,True,True,True,True,False,False,False,False,False,False,False,False,False,False,False,False,False,False,False,False,False,False,False,False,False,False,False,False,False,False,False,False,False,True,False,False,False,False,True,False,False
REGN,"Regeneron Pharmaceuticals, Inc.",66352621821.44613,USD,Health technology,Pharmaceuticals: major,NASDAQ,Buy,2026-07-30,2026-04-29,"S&P 500, NASDAQ 100, NASDAQ Composite, S&P 500 Health Care, S&P 500 ESG, NASDAQ Biotechnology, Russell 3000, Russell 1000, STOXX Global 1800, STOXX North America 600, STOXX USA 500, STOXX Global 1800 ex Asia/Pacific, STOXX Global 1800 ex Europe, STOXX Developed Markets 2400, STOXX USA 500",638.76,USD,623.44,USD,623.64,USD,632.9,USD,1213634,False,False,True,True,True,False,True,True,True,True,True,True,False,True,False,True,False,False,False,False,False,False,False,False,False,False,False,False,False,False,False,True,False,False,False,True,False,True,False,False,False,False,False,False,False,False,False,False,False,False,False,False,False,False,False,False,False,False,False,False,False,False,False,False,True,False,True,False,False,False,False,False
MELI,"MercadoLibre, Inc.",84922849068.02347,USD,Retail trade,Internet retail,NASDAQ,Strong buy,2026-08-05,2026-05-07,"NASDAQ 100, NASDAQ Composite, NASDAQ Industrials, STOXX Global 1800, STOXX North America 600, STOXX USA 500, STOXX Global 1800 ex Asia/Pacific, STOXX Global 1800 ex Europe, STOXX Global 200, STOXX Developed Markets 2400, STOXX USA 500",1693.94,USD,1600.06,USD,1619.98,USD,1675.1,USD,481660,False,False,False,False,False,False,True,True,True,True,True,True,False,True,False,False,False,True,False,False,False,False,False,False,False,False,False,False,False,False,True,True,False,False,False,False,False,False,False,False,False,False,False,False,False,False,False,False,False,False,False,False,False,False,False,False,False,False,False,False,False,False,False,False,True,False,False,False,False,True,False,False
SNDK,Sandisk Corporation,309612757718.1487,USD,Electronic technology,Computer peripherals,NASDAQ,Buy,2026-08-13,2026-04-30,"S&P 500, NASDAQ 100, NASDAQ Composite, S&P 500 Information Technology, Nasdaq US Large Cap Growth, NASDAQ Computer, NASDAQ-100 Technology Sector, Russell 3000, Russell 1000, STOXX Global 1800, STOXX North America 600, STOXX USA 500, STOXX Global 1800 ex Asia/Pacific, STOXX Global 1800 ex Europe, STOXX Global 200, STOXX Developed Markets 2400, STOXX USA 500",2256.11,USD,2063.039,USD,2169.995,USD,2090.71,USD,16866756,True,False,True,True,True,False,True,True,True,True,True,True,False,True,False,False,False,False,True,False,False,False,False,False,False,False,False,False,False,False,True,True,False,True,True,False,False,False,False,False,False,False,False,False,False,False,False,False,False,False,False,False,False,False,False,False,False,False,False,False,False,False,False,False,True,False,True,False,False,False,False,False
META,"Meta Platforms, Inc.",1396767312604.5378,USD,Technology services,Internet software/Services,NASDAQ,Strong buy,2026-07-29,2026-04-29,"S&P 500, NASDAQ 100, NASDAQ Composite, S&P 500 Communication Services, Nasdaq US Large Cap Growth, NASDAQ Computer, NASDAQ-100 Technology Sector, NASDAQ CB Insights Metaverse US, S&P 100, Russell 3000, Russell 1000, STOXX Global 1800, STOXX North America 600, STOXX USA 500, STOXX Global 1800 ex Asia/Pacific, STOXX Global 1800 ex Europe, STOXX Global 150, STOXX North America 50, STOXX Americas 100, STOXX Global 200, STOXX Developed Markets 150, STOXX Developed Markets 2400, STOXX USA 500",556.85,USD,540.4,USD,543.34,USD,550.25,USD,18867676,True,False,True,True,True,False,True,True,True,True,True,True,False,True,False,False,False,False,True,False,False,False,False,False,False,True,False,True,True,True,True,True,False,False,True,False,False,False,False,False,True,False,True,True,False,False,False,False,False,False,False,False,False,False,False,False,False,False,False,False,False,False,False,False,True,False,False,False,False,True,False,False
COST,Costco Wholesale Corporation,422431311586.9005,USD,Retail trade,Specialty stores,NASDAQ,Buy,2026-09-24,2026-05-28,"S&P 500, NASDAQ 100, NASDAQ Composite, S&P 500 Consumer Staples, S&P 500 ESG, NASDAQ Industrials, S&P 100, Russell 3000, Russell 1000, STOXX Global 1800, STOXX North America 600, STOXX USA 500, STOXX Global 1800 ex Asia/Pacific, STOXX Global 1800 ex Europe, STOXX Global 150, STOXX North America 50, STOXX Americas 100, STOXX Global 200, STOXX Developed Markets 150, STOXX Developed Markets 2400, STOXX USA 500",961.64,USD,943.0,USD,953.25,USD,952.54,USD,8239152,False,False,True,True,True,False,True,True,True,True,True,True,False,True,False,True,False,True,False,False,False,False,False,False,False,True,False,True,True,True,True,True,False,False,False,False,False,False,False,False,False,False,True,False,False,False,True,False,False,False,False,False,False,False,False,False,False,False,False,False,False,False,False,False,True,False,True,False,False,False,False,False
ADBE,Adobe Inc.,80585176526.16142,USD,Technology services,Packaged software,NASDAQ,Neutral,2026-09-10,2026-06-11,"S&P 500, NASDAQ 100, NASDAQ Composite, S&P 500 Information Technology, S&P 500 ESG, Nasdaq US Large Cap Growth, NASDAQ Computer, NASDAQ-100 Technology Sector, ISE CTA Cloud Computing, NASDAQ CB Insights Metaverse US, S&P 100, Russell 3000, Russell 1000, STOXX Global 1800, STOXX North America 600, STOXX USA 500, STOXX Global 1800 ex Asia/Pacific, STOXX Global 1800 ex Europe, STOXX Americas 100, STOXX Global 200, STOXX Developed Markets 2400, STOXX USA 500",203.48,USD,195.29,USD,195.48,USD,202.73,USD,9171821,True,False,True,True,True,False,True,True,True,True,True,True,False,True,False,True,False,False,True,False,False,False,False,False,False,True,False,False,False,True,True,True,False,True,True,False,False,False,False,False,False,False,False,True,False,False,False,False,False,False,False,True,False,False,False,False,False,False,False,False,False,False,False,False,True,False,False,False,True,False,False,False
VRTX,Vertex Pharmaceuticals Incorporated,124704753122.12056,USD,Health technology,Pharmaceuticals: major,NASDAQ,Buy,2026-07-30,2026-05-04,"S&P 500, NASDAQ 100, NASDAQ Composite, S&P 500 Health Care, Nasdaq US Large Cap Growth, NASDAQ Biotechnology, Russell 3000, Russell 1000, STOXX Global 1800, STOXX North America 600, STOXX USA 500, STOXX Global 1800 ex Asia/Pacific, STOXX Global 1800 ex Europe, STOXX Developed Markets 2400, STOXX USA 500",503.89,USD,482.2,USD,482.5,USD,491.34,USD,8693047,True,False,True,True,True,False,True,True,True,True,True,True,False,True,False,False,False,False,False,False,False,False,False,False,False,False,False,False,False,False,False,True,False,False,False,True,False,True,False,False,False,False,False,False,False,False,False,False,False,False,False,False,False,False,False,False,False,False,False,False,False,False,False,False,True,False,True,False,False,False,False,False
MSFT,Microsoft Corporation,2770583136248.3843,USD,Technology services,Packaged software,NASDAQ,Strong buy,2026-07-28,2026-04-29,"S&P 500, NASDAQ 100, Dow Jones Industrial Average, NASDAQ Composite, S&P 500 Information Technology, S&P 500 ESG, Nasdaq US Large Cap Growth, NASDAQ Computer, NASDAQ-100 Technology Sector, ISE CTA Cloud Computing, NASDAQ CB Insights Metaverse US, S&P 100, Russell 3000, Dow Jones Composite Average, Russell 1000, STOXX Global 1800, STOXX North America 600, STOXX USA 500, STOXX Global 1800 ex Asia/Pacific, STOXX Global 1800 ex Europe, STOXX Global 150, STOXX North America 50, STOXX Americas 100, STOXX Global 200, STOXX Developed Markets 150, STOXX Developed Markets 2400, STOXX USA 500",376.61,USD,355.43,USD,357.15,USD,372.97,USD,186200796,True,False,True,True,True,False,True,True,True,True,True,True,False,True,False,True,False,False,True,False,False,False,True,False,False,True,True,True,True,True,True,True,False,True,True,False,False,False,False,False,False,False,True,True,False,False,False,False,False,False,False,True,False,False,False,False,False,False,False,False,False,False,False,False,True,False,False,False,False,True,False,False
WDC,Western Digital Corporation,202138838881.1901,USD,Electronic technology,Computer peripherals,NASDAQ,Buy,2026-08-05,2026-04-30,"S&P 500, NASDAQ 100, NASDAQ Composite, S&P 500 Information Technology, S&P 500 ESG, Nasdaq US Large Cap Growth, NASDAQ Computer, NASDAQ-100 Technology Sector, Russell 3000, Russell 1000, STOXX Global 1800, STOXX North America 600, STOXX USA 500, STOXX Global 1800 ex Asia/Pacific, STOXX Global 1800 ex Europe, STOXX Developed Markets 2400, STOXX USA 500",647.42,USD,579.51,USD,643.145,USD,586.45,USD,23404304,True,False,True,True,True,False,True,True,True,True,True,True,False,True,False,True,False,False,True,False,False,False,False,False,False,False,False,False,False,False,False,True,False,True,True,False,False,False,False,False,False,False,False,False,False,False,False,False,False,False,False,False,False,False,False,False,False,False,False,False,False,False,False,False,True,False,True,False,False,False,False,False
INTU,Intuit Inc.,73231324343.75113,USD,Technology services,Packaged software,NASDAQ,Buy,2026-08-20,2026-05-20,"S&P 500, NASDAQ 100, NASDAQ Composite, S&P 500 Information Technology, S&P 500 ESG, Nasdaq US Large Cap Growth, NASDAQ Computer, NASDAQ-100 Technology Sector, ISE CTA Cloud Computing, S&P 100, Russell 3000, Russell 1000, STOXX Global 1800, STOXX North America 600, STOXX USA 500, STOXX Global 1800 ex Asia/Pacific, STOXX Global 1800 ex Europe, STOXX Americas 100, STOXX Global 200, STOXX Developed Markets 2400, STOXX USA 500",271.115,USD,259.38,USD,260.32,USD,267.72,USD,10779231,True,False,True,True,True,False,True,True,True,True,True,True,False,True,False,True,False,False,True,False,False,False,False,False,False,True,False,False,False,True,True,True,False,True,True,False,False,False,False,False,False,False,False,False,False,False,False,False,False,False,False,True,False,False,False,False,False,False,False,False,False,False,False,False,True,False,True,False,False,False,False,False
ROP,"Roper Technologies, Inc.",34141352898.978817,USD,Technology services,Packaged software,NASDAQ,Buy,2026-07-17,2026-04-23,"S&P 500, NASDAQ 100, NASDAQ Composite, S&P 500 Information Technology, NASDAQ Computer, NASDAQ-100 Technology Sector, Russell 3000, Russell 1000, STOXX Global 1800, STOXX North America 600, STOXX USA 500, STOXX Global 1800 ex Asia/Pacific, STOXX Global 1800 ex Europe, STOXX Developed Markets 2400, STOXX USA 500",342.73,USD,334.46,USD,334.46,USD,338.31,USD,3126659,False,False,True,True,True,False,True,True,True,True,True,True,False,True,False,False,False,False,True,False,False,False,False,False,False,False,False,False,False,False,False,True,False,True,True,False,False,False,False,False,False,False,False,False,False,False,False,False,False,False,False,False,False,False,False,False,False,False,False,False,False,False,False,False,True,False,True,False,False,False,False,False
LIN,Linde plc,240375974934.5677,USD,Process industries,Chemicals: specialty,NASDAQ,Buy,2026-07-23,2026-05-01,"S&P 500, NASDAQ 100, NASDAQ Composite, S&P 500 Materials, S&P 500 ESG, NASDAQ Industrials, S&P 100, Russell 3000, Russell 1000, STOXX Global 1800, STOXX North America 600, STOXX USA 500, STOXX Global 1800 ex Asia/Pacific, STOXX Global 1800 ex Europe, STOXX Global 150, STOXX North America 50, STOXX Americas 100, STOXX Global 200, STOXX Developed Markets 2400, STOXX USA 500",525.0,USD,518.355,USD,521.0,USD,519.62,USD,3318677,False,False,True,True,True,False,True,True,True,True,True,True,False,True,False,True,False,True,False,False,False,False,False,False,False,True,False,True,True,True,True,True,False,False,False,False,True,False,False,False,False,False,False,False,False,False,False,False,False,False,False,False,False,False,False,False,False,False,False,False,False,False,False,False,True,False,True,False,False,False,False,False
AMGN,Amgen Inc.,193393661936.99423,USD,Health technology,Biotechnology,NASDAQ,Buy,2026-07-30,2026-04-30,"S&P 500, NASDAQ 100, Dow Jones Industrial Average, NASDAQ Composite, S&P 500 Health Care, S&P 500 ESG, Nasdaq US Large Cap Growth, NASDAQ Biotechnology, S&P 100, Russell 3000, Dow Jones Composite Average, Russell 1000, STOXX Global 1800, STOXX North America 600, STOXX USA 500, STOXX Global 1800 ex Asia/Pacific, STOXX Global 1800 ex Europe, STOXX Global 150, STOXX North America 50, STOXX Americas 100, STOXX Global 200, STOXX Developed Markets 2400, STOXX USA 500",362.27,USD,354.16,USD,354.69,USD,358.33,USD,3610561,True,False,True,True,True,False,True,True,True,True,True,True,False,True,False,True,False,False,False,False,False,False,True,False,False,True,True,True,True,True,True,True,False,False,False,True,False,True,False,False,False,False,False,False,False,False,False,False,False,False,False,False,False,False,False,False,False,False,False,False,False,False,False,False,True,False,True,False,False,False,False,False
MPWR,"Monolithic Power Systems, Inc.",64523415193.07113,USD,Electronic technology,Semiconductors,NASDAQ,Buy,2026-08-03,2026-04-30,"S&P 500, NASDAQ 100, NASDAQ Composite, PHLX Semiconductor Sector, S&P 500 Information Technology, Nasdaq US Large Cap Growth, NASDAQ Computer, NASDAQ Clean Edge Green Energy, NASDAQ-100 Technology Sector, Russell 3000, Russell 1000, STOXX Global 1800, STOXX North America 600, STOXX USA 500, STOXX Global 1800 ex Asia/Pacific, STOXX Global 1800 ex Europe, STOXX Developed Markets 2400, STOXX USA 500",1373.91,USD,1301.44,USD,1357.45,USD,1313.32,USD,3481725,True,False,True,True,True,False,True,True,True,True,True,True,False,True,False,False,False,False,True,False,False,False,False,False,False,False,False,False,False,False,False,True,True,True,True,False,False,False,False,False,False,False,False,False,False,False,False,False,False,False,False,False,True,False,False,False,False,False,False,False,False,False,False,False,True,False,True,False,False,False,False,False
IDXX,"IDEXX Laboratories, Inc.",43503976475.67664,USD,Health technology,Medical specialties,NASDAQ,Buy,2026-08-04,2026-05-05,"S&P 500, NASDAQ 100, NASDAQ Composite, S&P 500 Health Care, S&P 500 ESG, Nasdaq US Large Cap Growth, Russell 3000, Russell 1000, STOXX Global 1800, STOXX North America 600, STOXX USA 500, STOXX Global 1800 ex Asia/Pacific, STOXX Global 1800 ex Europe, STOXX Developed Markets 2400, STOXX USA 500",561.15,USD,547.19,USD,554.09,USD,551.5,USD,1314756,True,False,True,True,True,False,True,True,True,True,True,True,False,True,False,True,False,False,False,False,False,False,False,False,False,False,False,False,False,False,False,True,False,False,False,True,False,False,False,False,False,False,False,False,False,False,False,False,False,False,False,False,False,False,False,False,False,False,False,False,False,False,False,False,True,False,True,False,False,False,False,False
GOOG,Alphabet Inc.,4065043637714.511,USD,Technology services,Internet software/Services,NASDAQ,Strong buy,2026-07-28,2026-04-29,"S&P 500, NASDAQ 100, NASDAQ Composite, S&P 500 Communication Services, S&P 500 ESG, Nasdaq US Large Cap Growth, NASDAQ Computer, NASDAQ-100 Technology Sector, S&P 100, Russell 3000, Russell 1000, STOXX Global 1800, STOXX North America 600, STOXX USA 500, STOXX Global 1800 ex Asia/Pacific, STOXX Global 1800 ex Europe, STOXX Global 150, STOXX North America 50, STOXX Americas 100, STOXX Global 200, STOXX Developed Markets 150, STOXX Developed Markets 2400, STOXX USA 500",344.12,USD,333.69,USD,340.98,USD,334.69,USD,82484198,True,False,True,True,True,False,True,True,True,True,True,True,False,True,False,True,False,False,True,False,False,False,False,False,False,True,False,True,True,True,True,True,False,False,True,False,False,False,False,False,True,False,True,False,False,False,False,False,False,False,False,False,False,False,False,False,False,False,False,False,False,False,False,False,True,False,False,False,False,True,False,False
CEG,Constellation Energy Corporation,94810116251.13708,USD,Utilities,Electric utilities,NASDAQ,Strong buy,2026-07-30,2026-05-11,"S&P 500, NASDAQ 100, NASDAQ Composite, PHLX Utilities Sector, S&P 500 Utilities, S&P 500 ESG, Nasdaq US Large Cap Growth, NASDAQ Industrials, Russell 3000, Russell 1000, STOXX Global 1800, STOXX North America 600, STOXX USA 500, STOXX Global 1800 ex Asia/Pacific, STOXX Global 1800 ex Europe, STOXX Developed Markets 2400, STOXX USA 500",269.45,USD,260.28,USD,265.25,USD,264.02,USD,3922202,True,False,True,True,True,False,True,True,True,True,True,True,False,True,False,True,False,True,False,False,False,False,False,False,False,False,False,False,False,False,False,True,False,False,False,False,False,False,False,False,False,False,False,False,False,False,False,False,False,False,False,False,False,False,False,False,False,True,True,False,False,False,False,False,True,False,False,False,False,True,False,False
APP,Applovin Corporation,160270250004.78894,USD,Technology services,Packaged software,NASDAQ,Strong buy,2026-08-12,2026-05-06,"S&P 500, NASDAQ 100, NASDAQ Composite, S&P 500 Information Technology, Nasdaq US Large Cap Growth, NASDAQ Computer, NASDAQ-100 Technology Sector, ISE CTA Cloud Computing, Russell 3000, Russell 1000, STOXX Global 1800, STOXX North America 600, STOXX USA 500, STOXX Global 1800 ex Asia/Pacific, STOXX Global 1800 ex Europe, STOXX Americas 100, STOXX Global 200, STOXX Developed Markets 2400, STOXX USA 500",483.32,USD,440.4,USD,446.29,USD,477.08,USD,3426431,True,False,True,True,True,False,True,True,True,True,True,True,False,True,False,False,False,False,True,False,False,False,False,False,False,False,False,False,False,True,True,True,False,True,True,False,False,False,False,False,False,False,False,False,False,False,False,False,False,False,False,True,False,False,False,False,False,False,False,False,False,False,False,False,True,False,False,False,False,True,False,False
ADP,"Automatic Data Processing, Inc.",89360598056.5085,USD,Technology services,Packaged software,NASDAQ,Neutral,2026-08-05,2026-04-29,"S&P 500, NASDAQ 100, NASDAQ Composite, S&P 500 Industrials, NASDAQ Industrials, Russell 3000, Russell 1000, STOXX Global 1800, STOXX North America 600, STOXX USA 500, STOXX Global 1800 ex Asia/Pacific, STOXX Global 1800 ex Europe, STOXX Global 200, STOXX Developed Markets 2400, STOXX USA 500",224.22,USD,217.65,USD,218.22,USD,223.55,USD,8664089,False,False,True,True,True,False,True,True,True,True,True,True,False,True,False,False,False,True,False,False,False,False,False,False,False,False,False,False,False,False,True,True,False,False,False,False,False,False,False,True,False,False,False,False,False,False,False,False,False,False,False,False,False,False,False,False,False,False,False,False,False,False,False,False,True,False,False,False,True,False,False,False
AMAT,"Applied Materials, Inc.",497685517580.6691,USD,Producer manufacturing,Industrial machinery,NASDAQ,Strong buy,2026-08-13,2026-05-14,"S&P 500, NASDAQ 100, NASDAQ Composite, PHLX Semiconductor Sector, S&P 500 Information Technology, S&P 500 ESG, Nasdaq US Large Cap Growth, NASDAQ Computer, NASDAQ-100 Technology Sector, NASDAQ CB Insights Metaverse US, S&P 100, Russell 3000, Russell 1000, STOXX Global 1800, STOXX North America 600, STOXX USA 500, STOXX Global 1800 ex Asia/Pacific, STOXX Global 1800 ex Europe, STOXX Global 200, STOXX Developed Markets 2400, STOXX USA 500",660.19,USD,622.0,USD,642.759,USD,626.84,USD,28138597,True,False,True,True,True,False,True,True,True,True,True,True,False,True,False,True,False,False,True,False,False,False,False,False,False,True,False,False,False,False,True,True,True,True,True,False,False,False,False,False,False,False,False,True,False,False,False,False,False,False,False,False,False,False,False,False,False,False,False,False,False,False,False,False,True,False,False,False,False,True,False,False
STX,Seagate Technology Holdings PLC,201783664001.17865,USD,Electronic technology,Computer peripherals,NASDAQ,Buy,2026-07-16,2026-04-28,"S&P 500, NASDAQ 100, NASDAQ Composite, S&P 500 Information Technology, S&P 500 ESG, Nasdaq US Large Cap Growth, NASDAQ Computer, NASDAQ-100 Technology Sector, STOXX Global 1800, STOXX North America 600, STOXX USA 500, STOXX Global 1800 ex Asia/Pacific, STOXX Global 1800 ex Europe, STOXX Developed Markets 2400, STOXX USA 500",996.48,USD,880.49,USD,994.59,USD,899.9,USD,9311392,True,False,False,False,True,False,True,True,True,True,True,True,False,True,False,True,False,False,True,False,False,False,False,False,False,False,False,False,False,False,False,True,False,True,True,False,False,False,False,False,False,False,False,False,False,False,False,False,False,False,False,False,False,False,False,False,False,False,False,False,False,False,False,False,True,False,True,False,False,False,False,False
NXPI,NXP Semiconductors N.V.,69939543285.30016,USD,Electronic technology,Semiconductors,NASDAQ,Buy,2026-07-28,2026-04-28,"S&P 500, NASDAQ 100, NASDAQ Composite, PHLX Semiconductor Sector, S&P 500 Information Technology, S&P 500 ESG, NASDAQ Computer, NASDAQ-100 Technology Sector, STOXX Global 1800, STOXX North America 600, STOXX USA 500, STOXX Global 1800 ex Asia/Pacific, STOXX Global 1800 ex Europe, STOXX Developed Markets 2400, STOXX USA 500",291.34,USD,275.18,USD,289.17,USD,277.02,USD,7173695,False,False,False,False,True,False,True,True,True,True,True,True,False,True,False,True,False,False,True,False,False,False,False,False,False,False,False,False,False,False,False,True,True,True,True,False,False,False,False,False,False,False,False,False,False,False,False,False,False,False,False,False,False,False,False,False,False,False,False,False,False,False,False,False,True,False,True,False,False,False,False,False
MAR,Marriott International,99492357626.28188,USD,Consumer services,Hotels/Resorts/Cruise lines,NASDAQ,Buy,2026-08-04,2026-05-06,"S&P 500, NASDAQ 100, NASDAQ Composite, S&P 500 Consumer Discretionary, S&P 500 ESG, Nasdaq US Large Cap Growth, NASDAQ Industrials, Russell 3000, Russell 1000, STOXX Global 1800, STOXX North America 600, STOXX USA 500, STOXX Global 1800 ex Asia/Pacific, STOXX Global 1800 ex Europe, STOXX Developed Markets 2400, STOXX USA 500",381.21,USD,372.81,USD,379.48,USD,377.31,USD,2426347,True,False,True,True,True,True,True,True,True,True,True,True,False,True,False,True,False,True,False,False,False,False,False,False,False,False,False,False,False,False,False,True,False,False,False,False,False,False,False,False,False,False,False,False,False,False,False,False,False,False,False,False,False,False,False,False,False,False,False,False,False,False,False,False,True,False,True,False,False,False,False,False
TMUS,"T-Mobile US, Inc.",197697164747.6837,USD,Communications,Wireless telecommunications,NASDAQ,Strong buy,2026-07-23,2026-04-28,"S&P 500, NASDAQ 100, NASDAQ Composite, S&P 500 Communication Services, S&P 500 ESG, NASDAQ Telecommunications, S&P 100, Russell 3000, Russell 1000, STOXX Global 1800, STOXX North America 600, STOXX USA 500, STOXX Global 1800 ex Asia/Pacific, STOXX Global 1800 ex Europe, STOXX Global 200, STOXX Developed Markets 2400, STOXX USA 500",184.0,USD,180.31,USD,182.7,USD,182.68,USD,7824874,False,False,True,True,True,False,True,True,True,True,True,True,False,True,False,True,False,False,False,False,False,False,False,False,False,True,False,False,False,False,True,True,False,False,False,False,False,False,False,False,True,True,False,False,False,False,False,False,False,False,False,False,False,False,False,False,False,False,False,False,False,False,False,False,True,False,False,False,False,True,False,False
QCOM,QUALCOMM Incorporated,199617054053.94888,USD,Electronic technology,Semiconductors,NASDAQ,Neutral,2026-08-05,2026-04-29,"S&P 500, NASDAQ 100, NASDAQ Composite, PHLX Semiconductor Sector, S&P 500 Information Technology, S&P 500 ESG, NASDAQ Computer, NASDAQ-100 Technology Sector, NASDAQ CB Insights Metaverse US, S&P 100, Russell 3000, Russell 1000, STOXX Global 1800, STOXX North America 600, STOXX USA 500, STOXX Global 1800 ex Asia/Pacific, STOXX Global 1800 ex Europe, STOXX Americas 100, STOXX Global 200, STOXX Developed Markets 2400, STOXX USA 500",208.86,USD,186.18,USD,201.7,USD,189.39,USD,37128917,False,False,True,True,True,False,True,True,True,True,True,True,False,True,False,True,False,False,True,False,False,False,False,False,False,True,False,False,False,True,True,True,True,True,True,False,False,False,False,False,False,False,False,True,False,False,False,False,False,False,False,False,False,False,False,False,False,False,False,False,False,False,False,False,True,False,False,False,True,False,False,False
PDD,PDD Holdings Inc.,104334965008.0,USD,Retail trade,Department stores,NASDAQ,Buy,2026-08-31,2026-05-27,"NASDAQ 100, NASDAQ Composite, NASDAQ Computer, NASDAQ-100 Technology Sector",76.71,USD,71.94,USD,72.04,USD,76.55,USD,11322299,False,False,False,False,False,False,False,False,False,False,False,False,False,True,False,False,False,False,True,False,False,False,False,False,False,False,False,False,False,False,False,True,False,False,True,False,False,False,False,False,False,False,False,False,False,False,False,False,False,False,False,False,False,False,False,False,False,False,False,False,False,False,False,False,True,False,True,False,False,False,False,False
AMZN,"Amazon.com, Inc.",2503071719899.4946,USD,Retail trade,Internet retail,NASDAQ,Strong buy,2026-07-30,2026-04-29,"S&P 500, NASDAQ 100, Dow Jones Industrial Average, NASDAQ Composite, S&P 500 Consumer Discretionary, Nasdaq US Large Cap Growth, NASDAQ Industrials, ISE CTA Cloud Computing, NASDAQ CB Insights Metaverse US, S&P 100, Russell 3000, Russell 1000, STOXX Global 1800, STOXX North America 600, STOXX USA 500, STOXX Global 1800 ex Asia/Pacific, STOXX Global 1800 ex Europe, STOXX Global 150, STOXX North America 50, STOXX Americas 100, STOXX Global 200, STOXX Developed Markets 150, STOXX Developed Markets 2400, STOXX USA 500",233.9,USD,226.125,USD,227.205,USD,232.69,USD,248371939,True,False,True,True,True,True,True,True,True,True,True,True,False,True,False,False,False,True,False,False,False,False,True,False,False,True,False,True,True,True,True,True,False,False,False,False,False,False,False,False,False,False,True,True,False,False,False,False,False,False,False,True,False,False,False,False,False,False,False,False,False,False,False,False,True,False,False,False,False,True,False,False
AAPL,Apple Inc.,4167977919594.3657,USD,Electronic technology,Telecommunications equipment,NASDAQ,Buy,2026-07-30,2026-04-30,"S&P 500, NASDAQ 100, Dow Jones Industrial Average, NASDAQ Composite, S&P 500 Information Technology, Nasdaq US Large Cap Growth, NASDAQ Computer, NASDAQ-100 Technology Sector, NASDAQ CB Insights Metaverse US, S&P 100, Russell 3000, Dow Jones Composite Average, Russell 1000, STOXX Global 1800, STOXX North America 600, STOXX USA 500, STOXX Global 1800 ex Asia/Pacific, STOXX Global 1800 ex Europe, STOXX Global 150, STOXX North America 50, STOXX Americas 100, STOXX Global 200, STOXX Developed Markets 150, STOXX Developed Markets 2400, STOXX USA 500",285.95,USD,274.21,USD,275.0,USD,283.78,USD,261774949,True,False,True,True,True,False,True,True,True,True,True,True,False,True,False,False,False,False,True,False,False,False,True,False,False,True,True,True,True,True,True,True,False,True,True,False,False,False,False,False,False,False,True,True,False,False,False,False,False,False,False,False,False,False,False,False,False,False,False,False,False,False,False,False,True,False,True,False,False,False,False,False
ISRG,"Intuitive Surgical, Inc.",143329702950.23492,USD,Health technology,Medical specialties,NASDAQ,Buy,2026-07-16,2026-04-21,"S&P 500, NASDAQ 100, NASDAQ Composite, S&P 500 Health Care, Nasdaq US Large Cap Growth, S&P 100, Russell 3000, Russell 1000, STOXX Global 1800, STOXX North America 600, STOXX USA 500, STOXX Global 1800 ex Asia/Pacific, STOXX Global 1800 ex Europe, STOXX Global 150, STOXX North America 50, STOXX Americas 100, STOXX Global 200, STOXX Developed Markets 2400, STOXX USA 500",409.78,USD,399.29,USD,399.48,USD,404.7,USD,3413593,True,False,True,True,True,False,True,True,True,True,True,True,False,True,False,False,False,False,False,False,False,False,False,False,False,True,False,True,True,True,True,True,False,False,False,True,False,False,False,False,False,False,False,False,False,False,False,False,False,False,False,False,False,False,False,False,False,False,False,False,False,False,False,False,True,False,True,False,False,False,False,False
BKNG,Booking Holdings Inc. Common Stock,140609440148.141,USD,Consumer services,Other consumer services,NASDAQ,Strong buy,2026-08-05,2026-04-28,"S&P 500, NASDAQ 100, NASDAQ Composite, S&P 500 Consumer Discretionary, S&P 500 ESG, Nasdaq US Large Cap Growth, NASDAQ Industrials, S&P 100, Russell 3000, Russell 1000, STOXX Global 1800, STOXX North America 600, STOXX USA 500, STOXX Global 1800 ex Asia/Pacific, STOXX Global 1800 ex Europe, STOXX Americas 100, STOXX Global 200, STOXX Developed Markets 2400, STOXX USA 500",183.285,USD,176.92,USD,177.41,USD,181.46,USD,12746725,True,False,True,True,True,True,True,True,True,True,True,True,False,True,False,True,False,True,False,False,False,False,False,False,False,True,False,False,False,True,True,True,False,False,False,False,False,False,False,False,False,False,False,False,False,False,False,False,False,False,False,False,False,False,False,False,False,False,False,False,False,False,False,False,True,False,False,False,False,True,False,False
GILD,"Gilead Sciences, Inc.",158771944425.49997,USD,Health technology,Biotechnology,NASDAQ,Buy,2026-07-30,2026-05-07,"S&P 500, NASDAQ 100, NASDAQ Composite, S&P 500 Health Care, S&P 500 ESG, Nasdaq US Large Cap Growth, NASDAQ Biotechnology, S&P 100, Russell 3000, Russell 1000, STOXX Global 1800, STOXX North America 600, STOXX USA 500, STOXX Global 1800 ex Asia/Pacific, STOXX Global 1800 ex Europe, STOXX Americas 100, STOXX Global 200, STOXX Developed Markets 2400, STOXX USA 500",128.7025,USD,125.004,USD,125.25,USD,127.88,USD,19908542,True,False,True,True,True,False,True,True,True,True,True,True,False,True,False,True,False,False,False,False,False,False,False,False,False,True,False,False,False,True,True,True,False,False,False,True,False,True,False,False,False,False,False,False,False,False,False,False,False,False,False,False,False,False,False,False,False,False,False,False,False,False,False,False,True,False,True,False,False,False,False,False
ROST,"Ross Stores, Inc.",68409771878.29506,USD,Retail trade,Apparel/Footwear retail,NASDAQ,Buy,2026-08-13,2026-05-21,"S&P 500, NASDAQ 100, NASDAQ Composite, S&P 500 Consumer Discretionary, NASDAQ Industrials, Russell 3000, Russell 1000, STOXX Global 1800, STOXX North America 600, STOXX USA 500, STOXX Global 1800 ex Asia/Pacific, STOXX Global 1800 ex Europe, STOXX Developed Markets 2400, STOXX USA 500",216.63,USD,210.83,USD,214.88,USD,213.26,USD,13176961,False,False,True,True,True,True,True,True,True,True,True,True,False,True,False,False,False,True,False,False,False,False,False,False,False,False,False,False,False,False,False,True,False,False,False,False,False,False,False,False,False,False,False,False,False,False,False,False,False,False,False,False,False,False,False,False,False,False,False,False,False,False,False,False,True,False,True,False,False,False,False,False
HON,Honeywell International Inc.,147140598486.69385,USD,Electronic technology,Aerospace & defense,NASDAQ,Buy,2026-07-23,2026-04-23,"S&P 500, NASDAQ 100, Dow Jones Industrial Average, NASDAQ Composite, S&P 500 Industrials, NASDAQ Industrials, S&P 100, Russell 3000, Dow Jones Composite Average, Russell 1000, STOXX Global 1800, STOXX North America 600, STOXX USA 500, STOXX Global 1800 ex Asia/Pacific, STOXX Global 1800 ex Europe, STOXX Americas 100, STOXX Global 200, STOXX Developed Markets 2400, STOXX USA 500",233.66,USD,226.29,USD,229.53,USD,232.21,USD,17878961,False,False,True,True,True,False,True,True,True,True,True,True,False,True,False,False,False,True,False,False,False,False,True,False,False,True,True,False,False,True,True,True,False,False,False,False,False,False,False,True,False,False,False,False,False,False,False,False,False,False,False,False,False,False,False,False,False,False,False,False,False,False,False,False,True,False,True,False,False,False,False,False
ADSK,"Autodesk, Inc.",41410859067.98998,USD,Technology services,Packaged software,NASDAQ,Strong buy,2026-08-27,2026-05-28,"S&P 500, NASDAQ 100, NASDAQ Composite, S&P 500 Information Technology, S&P 500 ESG, Nasdaq US Large Cap Growth, NASDAQ Computer, NASDAQ-100 Technology Sector, NASDAQ CB Insights Metaverse US, Russell 3000, Russell 1000, STOXX Global 1800, STOXX North America 600, STOXX USA 500, STOXX Global 1800 ex Asia/Pacific, STOXX Global 1800 ex Europe, STOXX Developed Markets 2400, STOXX USA 500",197.87,USD,191.55,USD,191.65,USD,196.26,USD,7756107,True,False,True,True,True,False,True,True,True,True,True,True,False,True,False,True,False,False,True,False,False,False,False,False,False,False,False,False,False,False,False,True,False,True,True,False,False,False,False,False,False,False,False,True,False,False,False,False,False,False,False,False,False,False,False,False,False,False,False,False,False,False,False,False,True,False,False,False,False,True,False,False
AEP,"American Electric Power Company, Inc.",75461928206.14117,USD,Utilities,Electric utilities,NASDAQ,Buy,2026-07-23,2026-05-05,"S&P 500, NASDAQ 100, NASDAQ Composite, PHLX Utilities Sector, S&P 500 Utilities, NASDAQ Industrials, Russell 3000, Dow Jones Utility Average, Dow Jones Composite Average, Russell 1000, STOXX Global 1800, STOXX North America 600, STOXX USA 500, STOXX Global 1800 ex Asia/Pacific, STOXX Global 1800 ex Europe, STOXX Developed Markets 2400, STOXX USA 500",139.08,USD,137.5956,USD,138.025,USD,138.69,USD,8131852,False,False,True,True,True,False,True,True,True,True,True,True,False,True,False,False,False,True,False,False,False,False,False,False,False,False,True,False,False,False,False,True,False,False,False,False,False,False,False,False,False,False,False,False,False,False,False,False,False,False,False,False,False,False,False,False,False,True,True,True,False,False,False,False,True,False,True,False,False,False,False,False
ADI,"Analog Devices, Inc.",188458841846.98663,USD,Electronic technology,Semiconductors,NASDAQ,Buy,2026-08-26,2026-05-20,"S&P 500, NASDAQ 100, NASDAQ Composite, PHLX Semiconductor Sector, S&P 500 Information Technology, S&P 500 ESG, Nasdaq US Large Cap Growth, NASDAQ Computer, NASDAQ-100 Technology Sector, Russell 3000, Russell 1000, STOXX Global 1800, STOXX North America 600, STOXX USA 500, STOXX Global 1800 ex Asia/Pacific, STOXX Global 1800 ex Europe, STOXX Global 200, STOXX Developed Markets 2400, STOXX USA 500",406.08,USD,382.82,USD,405.43,USD,386.91,USD,12478834,True,False,True,True,True,False,True,True,True,True,True,True,False,True,False,True,False,False,True,False,False,False,False,False,False,False,False,False,False,False,True,True,True,True,True,False,False,False,False,False,False,False,False,False,False,False,False,False,False,False,False,False,False,False,False,False,False,False,False,False,False,False,False,False,True,False,True,False,False,False,False,False
NVDA,NVIDIA Corporation,4659226130754.958,USD,Electronic technology,Semiconductors,NASDAQ,Strong buy,2026-08-26,2026-05-20,"S&P 500, NASDAQ 100, Dow Jones Industrial Average, NASDAQ Composite, PHLX Semiconductor Sector, S&P 500 Information Technology, S&P 500 ESG, Nasdaq US Large Cap Growth, NASDAQ Computer, NASDAQ-100 Technology Sector, NASDAQ CB Insights Metaverse US, S&P 100, Russell 3000, Dow Jones Composite Average, Russell 1000, STOXX Global 1800, STOXX North America 600, STOXX USA 500, STOXX Global 1800 ex Asia/Pacific, STOXX Global 1800 ex Europe, STOXX Global 150, STOXX North America 50, STOXX Americas 100, STOXX Global 200, STOXX Developed Markets 150, STOXX Developed Markets 2400, STOXX USA 500",195.55,USD,191.22,USD,193.12,USD,192.53,USD,179302023,True,False,True,True,True,False,True,True,True,True,True,True,False,True,False,True,False,False,True,False,False,False,True,False,False,True,True,True,True,True,True,True,True,True,True,False,False,False,False,False,False,False,True,True,False,False,False,False,False,False,False,False,False,False,False,False,False,False,False,False,False,False,False,False,True,False,False,False,False,True,False,False
PEP,"PepsiCo, Inc.",193247394605.2581,USD,Consumer non-durables,Food: specialty/candy,NASDAQ,Buy,2026-07-09,2026-04-16,"S&P 500, NASDAQ 100, NASDAQ Composite, S&P 500 Consumer Staples, S&P 500 ESG, NASDAQ Industrials, S&P 100, Russell 3000, Russell 1000, STOXX Global 1800, STOXX North America 600, STOXX USA 500, STOXX Global 1800 ex Asia/Pacific, STOXX Global 1800 ex Europe, STOXX Global 150, STOXX North America 50, STOXX Americas 100, STOXX Global 200, STOXX Developed Markets 2400, STOXX USA 500",142.14,USD,140.2,USD,140.52,USD,141.39,USD,9735656,False,False,True,True,True,False,True,True,True,True,True,True,False,True,False,True,False,True,False,False,False,False,False,False,False,True,False,True,True,True,True,True,False,False,False,False,False,False,False,False,False,False,False,False,False,False,True,False,False,False,False,False,False,False,False,False,False,False,False,False,False,False,False,False,True,False,True,False,False,False,False,False
AVGO,Broadcom Inc.,1736611896901.1675,USD,Electronic technology,Semiconductors,NASDAQ,Strong buy,2026-09-03,2026-06-03,"S&P 500, NASDAQ 100, NASDAQ Composite, PHLX Semiconductor Sector, S&P 500 Information Technology, Nasdaq US Large Cap Growth, NASDAQ Computer, NASDAQ-100 Technology Sector, NASDAQ CB Insights Metaverse US, S&P 100, Russell 3000, Russell 1000, STOXX Global 1800, STOXX North America 600, STOXX USA 500, STOXX Global 1800 ex Asia/Pacific, STOXX Global 1800 ex Europe, STOXX Global 150, STOXX North America 50, STOXX Americas 100, STOXX Global 200, STOXX Developed Markets 150, STOXX Developed Markets 2400, STOXX USA 500",373.69,USD,363.83,USD,370.45,USD,365.02,USD,34839053,True,False,True,True,True,False,True,True,True,True,True,True,False,True,False,False,False,False,True,False,False,False,False,False,False,True,False,True,True,True,True,True,True,True,True,False,False,False,False,False,False,False,True,True,False,False,False,False,False,False,False,False,False,False,False,False,False,False,False,False,False,False,False,False,True,False,False,False,False,True,False,False
TXN,Texas Instruments Incorporated,259763245245.4552,USD,Electronic technology,Semiconductors,NASDAQ,Buy,2026-07-22,2026-04-22,"S&P 500, NASDAQ 100, NASDAQ Composite, PHLX Semiconductor Sector, S&P 500 Information Technology, S&P 500 ESG, NASDAQ Computer, NASDAQ-100 Technology Sector, S&P 100, Russell 3000, Russell 1000, STOXX Global 1800, STOXX North America 600, STOXX USA 500, STOXX Global 1800 ex Asia/Pacific, STOXX Global 1800 ex Europe, STOXX Americas 100, STOXX Global 200, STOXX Developed Markets 2400, STOXX USA 500",305.0,USD,279.55,USD,302.46,USD,285.425,USD,29822648,False,False,True,True,True,False,True,True,True,True,True,True,False,True,False,True,False,False,True,False,False,False,False,False,False,True,False,False,False,True,True,True,True,True,True,False,False,False,False,False,False,False,False,False,False,False,False,False,False,False,False,False,False,False,False,False,False,False,False,False,False,False,False,False,True,False,True,False,False,False,False,False
TER,"Teradyne, Inc.",68387006794.28834,USD,Electronic technology,Electronic production equipment,NASDAQ,Buy,2026-07-28,2026-04-28,"S&P 500, NASDAQ 100, NASDAQ Composite, PHLX Semiconductor Sector, S&P 500 Information Technology, Nasdaq US Large Cap Growth, NASDAQ Computer, NASDAQ-100 Technology Sector, Russell 3000, Russell 1000, STOXX Global 1800, STOXX North America 600, STOXX USA 500, STOXX Global 1800 ex Asia/Pacific, STOXX Global 1800 ex Europe, STOXX Developed Markets 2400, STOXX USA 500",456.235,USD,423.07,USD,453.74,USD,436.86,USD,11486344,True,False,True,True,True,False,True,True,True,True,True,True,False,True,False,False,False,False,True,False,False,False,False,False,False,False,False,False,False,False,False,True,True,True,True,False,False,False,False,False,False,False,False,False,False,False,False,False,False,False,False,False,False,False,False,False,False,False,False,False,False,False,False,False,True,False,True,False,False,False,False,False
LITE,Lumentum Holdings Inc.,63561044332.67976,USD,Producer manufacturing,Electrical products,NASDAQ,Strong buy,2026-08-18,2026-05-05,"S&P 500, NASDAQ 100, NASDAQ Composite, S&P 500 Information Technology, S&P 500 ESG, Nasdaq US Mid Cap Growth, NASDAQ Telecommunications, Russell 3000, Russell 1000, STOXX Global 1800, STOXX North America 600, STOXX USA 500, STOXX Global 1800 ex Asia/Pacific, STOXX Global 1800 ex Europe, STOXX Developed Markets 2400, STOXX USA 500",824.855,USD,774.3001,USD,822.55,USD,816.98,USD,9121907,False,False,True,True,True,False,True,True,True,True,True,True,False,True,False,True,True,False,False,False,False,False,False,False,False,False,False,False,False,False,False,True,False,True,False,False,False,False,False,False,False,True,False,False,False,False,False,False,False,False,False,False,False,False,False,False,False,False,False,False,False,False,False,False,True,False,False,False,False,True,False,False
PYPL,"PayPal Holdings, Inc.",39068454898.33081,USD,Commercial services,Miscellaneous commercial services,NASDAQ,Neutral,2026-07-28,2026-05-05,"S&P 500, NASDAQ 100, NASDAQ Composite, S&P 500 Financials, S&P 500 ESG, NASDAQ Industrials, KBW NASDAQ Financial Technology, Russell 3000, Russell 1000, STOXX Global 1800, STOXX North America 600, STOXX USA 500, STOXX Global 1800 ex Asia/Pacific, STOXX Global 1800 ex Europe, STOXX Developed Markets 2400, STOXX USA 500",44.38,USD,42.21,USD,42.28,USD,44.29,USD,33246280,False,False,True,True,True,False,True,True,True,True,True,True,False,True,False,True,False,True,False,False,False,False,False,True,False,False,False,False,False,False,False,True,False,False,False,False,False,False,False,False,False,False,False,False,False,False,False,False,False,False,True,False,False,False,False,False,False,False,False,False,False,False,False,False,True,False,False,False,True,False,False,False
LRCX,Lam Research Corporation,474078986060.7951,USD,Producer manufacturing,Industrial machinery,NASDAQ,Buy,2026-08-05,2026-04-22,"S&P 500, NASDAQ 100, NASDAQ Composite, PHLX Semiconductor Sector, S&P 500 Information Technology, S&P 500 ESG, Nasdaq US Large Cap Growth, NASDAQ Computer, NASDAQ-100 Technology Sector, S&P 100, Russell 3000, Russell 1000, STOXX Global 1800, STOXX North America 600, STOXX USA 500, STOXX Global 1800 ex Asia/Pacific, STOXX Global 1800 ex Europe, STOXX Global 200, STOXX Developed Markets 2400, STOXX USA 500",389.88,USD,374.311,USD,385.5,USD,379.09,USD,19733606,True,False,True,True,True,False,True,True,True,True,True,True,False,True,False,True,False,False,True,False,False,False,False,False,False,True,False,False,False,False,True,True,True,True,True,False,False,False,False,False,False,False,False,False,False,False,False,False,False,False,False,False,False,False,False,False,False,False,False,False,False,False,False,False,True,False,True,False,False,False,False,False
CMCSA,Comcast Corporation,82768537560.61612,USD,Consumer services,Cable/Satellite TV,NASDAQ,Neutral,2026-07-23,2026-04-23,"S&P 500, NASDAQ 100, NASDAQ Composite, S&P 500 Communication Services, NASDAQ Telecommunications, S&P 100, Russell 3000, Russell 1000, STOXX Global 1800, STOXX North America 600, STOXX USA 500, STOXX Global 1800 ex Asia/Pacific, STOXX Global 1800 ex Europe, STOXX Global 200, STOXX Developed Markets 2400, STOXX USA 500",23.225,USD,22.705,USD,22.755,USD,23.17,USD,42040332,False,False,True,True,True,False,True,True,True,True,True,True,False,True,False,False,False,False,False,False,False,False,False,False,False,True,False,False,False,False,True,True,False,False,False,False,False,False,False,False,True,True,False,False,False,False,False,False,False,False,False,False,False,False,False,False,False,False,False,False,False,False,False,False,True,False,False,False,True,False,False,False
PAYX,"Paychex, Inc.",35793257668.827545,USD,Technology services,Data processing services,NASDAQ,Neutral,2026-09-30,2026-06-24,"S&P 500, NASDAQ 100, NASDAQ Composite, S&P 500 Industrials, NASDAQ Industrials, Russell 3000, Russell 1000, STOXX Global 1800, STOXX North America 600, STOXX USA 500, STOXX Global 1800 ex Asia/Pacific, STOXX Global 1800 ex Europe, STOXX Developed Markets 2400, STOXX USA 500",100.14,USD,97.0,USD,97.0,USD,99.9,USD,5596840,False,False,True,True,True,False,True,True,True,True,True,True,False,True,False,False,False,True,False,False,False,False,False,False,False,False,False,False,False,False,False,True,False,False,False,False,False,False,False,True,False,False,False,False,False,False,False,False,False,False,False,False,False,False,False,False,False,False,False,False,False,False,False,False,True,False,False,False,True,False,False,False
CCEP,Coca-Cola Europacific Partners plc,45026477411.97189,USD,Consumer non-durables,Beverages: non-alcoholic,NASDAQ,Buy,2026-08-04,2026-02-17,"NASDAQ 100, NASDAQ Composite, NASDAQ Industrials, STOXX Global 1800, STOXX North America 600, STOXX USA 500, STOXX Global 1800 ex Asia/Pacific, STOXX Global 1800 ex Europe, STOXX Developed Markets 2400, STOXX USA 500",101.88,USD,99.93,USD,100.1,USD,101.59,USD,2333576,False,False,False,False,False,False,True,True,True,True,True,True,False,True,False,False,False,True,False,False,False,False,False,False,False,False,False,False,False,False,False,True,False,False,False,False,False,False,False,False,False,False,False,False,False,False,False,False,False,False,False,False,False,False,False,False,False,False,False,False,False,False,False,False,True,False,True,False,False,False,False,False
ODFL,"Old Dominion Freight Line, Inc.",45501378310.75444,USD,Transportation,Trucking,NASDAQ,Neutral,2026-07-29,2026-04-29,"S&P 500, NASDAQ 100, NASDAQ Composite, Dow Jones Transportation Average, S&P 500 Industrials, NASDAQ Transportation, Russell 3000, Dow Jones Composite Average, Russell 1000, STOXX Global 1800, STOXX North America 600, STOXX USA 500, STOXX Global 1800 ex Asia/Pacific, STOXX Global 1800 ex Europe, STOXX Developed Markets 2400, STOXX USA 500",221.9,USD,217.69,USD,217.69,USD,218.79,USD,3021061,False,False,True,True,True,False,True,True,True,True,True,True,False,True,False,False,False,False,False,False,False,False,False,False,False,False,True,False,False,False,False,True,False,False,False,False,False,False,False,True,False,False,False,False,False,False,False,True,False,True,False,False,False,False,False,False,False,False,False,False,False,False,False,False,True,False,False,False,True,False,False,False
CTAS,Cintas Corporation,68774975759.44469,USD,Commercial services,Miscellaneous commercial services,NASDAQ,Buy,2026-07-09,2026-03-25,"S&P 500, NASDAQ 100, NASDAQ Composite, S&P 500 Industrials, S&P 500 ESG, Nasdaq US Large Cap Growth, NASDAQ Industrials, Russell 3000, Russell 1000, STOXX Global 1800, STOXX North America 600, STOXX USA 500, STOXX Global 1800 ex Asia/Pacific, STOXX Global 1800 ex Europe, STOXX Developed Markets 2400, STOXX USA 500",172.45,USD,170.28,USD,170.42,USD,171.9,USD,2942016,True,False,True,True,True,False,True,True,True,True,True,True,False,True,False,True,False,True,False,False,False,False,False,False,False,False,False,False,False,False,False,True,False,False,False,False,False,False,False,True,False,False,False,False,False,False,False,False,False,False,False,False,False,False,False,False,False,False,False,False,False,False,False,False,True,False,True,False,False,False,False,False
PCAR,PACCAR Inc.,63512225398.7952,USD,Producer manufacturing,Trucks/Construction/Farm machinery,NASDAQ,Neutral,2026-07-28,2026-04-28,"S&P 500, NASDAQ 100, NASDAQ Composite, S&P 500 Industrials, S&P 500 ESG, NASDAQ Transportation, Russell 3000, Russell 1000, STOXX Global 1800, STOXX North America 600, STOXX USA 500, STOXX Global 1800 ex Asia/Pacific, STOXX Global 1800 ex Europe, STOXX Developed Markets 2400, STOXX USA 500",121.83,USD,119.54,USD,121.0,USD,120.68,USD,4509205,False,False,True,True,True,False,True,True,True,True,True,True,False,True,False,True,False,False,False,False,False,False,False,False,False,False,False,False,False,False,False,True,False,False,False,False,False,False,False,True,False,False,False,False,False,False,False,True,False,False,False,False,False,False,False,False,False,False,False,False,False,False,False,False,True,False,False,False,True,False,False,False
SNPS,"Synopsys, Inc.",86996714120.59187,USD,Technology services,Packaged software,NASDAQ,Buy,2026-08-19,2026-05-27,"S&P 500, NASDAQ 100, NASDAQ Composite, S&P 500 Information Technology, Nasdaq US Large Cap Growth, NASDAQ Computer, NASDAQ-100 Technology Sector, Russell 3000, Russell 1000, STOXX Global 1800, STOXX North America 600, STOXX USA 500, STOXX Global 1800 ex Asia/Pacific, STOXX Global 1800 ex Europe, STOXX Global 200, STOXX Developed Markets 2400, STOXX USA 500",458.03,USD,438.55,USD,449.15,USD,454.34,USD,5293037,True,False,True,True,True,False,True,True,True,True,True,True,False,True,False,False,False,False,True,False,False,False,False,False,False,False,False,False,False,False,True,True,False,True,True,False,False,False,False,False,False,False,False,False,False,False,False,False,False,False,False,False,False,False,False,False,False,False,False,False,False,False,False,False,True,False,True,False,False,False,False,False
CDNS,"Cadence Design Systems, Inc.",104057109016.45796,USD,Technology services,Packaged software,NASDAQ,Strong buy,2026-07-27,2026-04-27,"S&P 500, NASDAQ 100, NASDAQ Composite, S&P 500 Information Technology, S&P 500 ESG, Nasdaq US Large Cap Growth, NASDAQ Computer, NASDAQ-100 Technology Sector, Russell 3000, Russell 1000, STOXX Global 1800, STOXX North America 600, STOXX USA 500, STOXX Global 1800 ex Asia/Pacific, STOXX Global 1800 ex Europe, STOXX Developed Markets 2400, STOXX USA 500",381.9,USD,358.76,USD,362.25,USD,377.27,USD,3904994,True,False,True,True,True,False,True,True,True,True,True,True,False,True,False,True,False,False,True,False,False,False,False,False,False,False,False,False,False,False,False,True,False,True,True,False,False,False,False,False,False,False,False,False,False,False,False,False,False,False,False,False,False,False,False,False,False,False,False,False,False,False,False,False,True,False,False,False,False,True,False,False
ALNY,"Alnylam Pharmaceuticals, Inc.",38901560247.15797,USD,Health technology,Pharmaceuticals: major,NASDAQ,Buy,2026-07-30,2026-04-30,"NASDAQ 100, NASDAQ Composite, Nasdaq US Large Cap Growth, NASDAQ Biotechnology, Russell 3000, Russell 1000, STOXX Global 1800, STOXX North America 600, STOXX USA 500, STOXX Global 1800 ex Asia/Pacific, STOXX Global 1800 ex Europe, STOXX Developed Markets 2400, STOXX USA 500",302.96,USD,290.37,USD,297.57,USD,291.37,USD,1490610,True,False,True,True,False,False,True,True,True,True,True,True,False,True,False,False,False,False,False,False,False,False,False,False,False,False,False,False,False,False,False,True,False,False,False,False,False,True,False,False,False,False,False,False,False,False,False,False,False,False,False,False,False,False,False,False,False,False,False,False,False,False,False,False,True,False,True,False,False,False,False,False
GEHC,GE HealthCare Technologies Inc.,29913684884.452114,USD,Health technology,Medical specialties,NASDAQ,Buy,2026-08-05,2026-04-29,"S&P 500, NASDAQ 100, NASDAQ Composite, S&P 500 Health Care, S&P 500 ESG, Russell 3000, Russell 1000, STOXX Global 1800, STOXX North America 600, STOXX USA 500, STOXX Global 1800 ex Asia/Pacific, STOXX Global 1800 ex Europe, STOXX Developed Markets 2400, STOXX USA 500",65.99,USD,65.0,USD,65.19,USD,65.76,USD,5191634,False,False,True,True,True,False,True,True,True,True,True,True,False,True,False,True,False,False,False,False,False,False,False,False,False,False,False,False,False,False,False,True,False,False,False,True,False,False,False,False,False,False,False,False,False,False,False,False,False,False,False,False,False,False,False,False,False,False,False,False,False,False,False,False,True,False,True,False,False,False,False,False
ABNB,"Airbnb, Inc.",87729727724.71666,USD,Consumer services,Hotels/Resorts/Cruise lines,NASDAQ,Buy,2026-08-12,2026-05-07,"S&P 500, NASDAQ 100, NASDAQ Composite, S&P 500 Consumer Discretionary, NASDAQ Industrials, Russell 3000, Russell 1000, STOXX Global 1800, STOXX North America 600, STOXX USA 500, STOXX Global 1800 ex Asia/Pacific, STOXX Global 1800 ex Europe, STOXX Developed Markets 2400, STOXX USA 500",147.58,USD,141.75,USD,142.35,USD,145.56,USD,6088978,False,False,True,True,True,True,True,True,True,True,True,True,False,True,False,False,False,True,False,False,False,False,False,False,False,False,False,False,False,False,False,True,False,False,False,False,False,False,False,False,False,False,False,False,False,False,False,False,False,False,False,False,False,False,False,False,False,False,False,False,False,False,False,False,True,False,True,False,False,False,False,False
KLAC,KLA Corporation,324792267453.4924,USD,Electronic technology,Semiconductors,NASDAQ,Buy,2026-07-23,2026-04-29,"S&P 500, NASDAQ 100, NASDAQ Composite, PHLX Semiconductor Sector, S&P 500 Information Technology, S&P 500 ESG, Nasdaq US Large Cap Growth, NASDAQ Computer, NASDAQ-100 Technology Sector, Russell 3000, Russell 1000, STOXX Global 1800, STOXX North America 600, STOXX USA 500, STOXX Global 1800 ex Asia/Pacific, STOXX Global 1800 ex Europe, STOXX Global 200, STOXX Developed Markets 2400, STOXX USA 500",253.0,USD,243.09,USD,246.765,USD,248.64,USD,21394332,True,False,True,True,True,False,True,True,True,True,True,True,False,True,False,True,False,False,True,False,False,False,False,False,False,False,False,False,False,False,True,True,True,True,True,False,False,False,False,False,False,False,False,False,False,False,False,False,False,False,False,False,False,False,False,False,False,False,False,False,False,False,False,False,True,False,True,False,False,False,False,False
EA,Electronic Arts Inc.,51466740216.93206,USD,Technology services,Packaged software,NASDAQ,Neutral,2026-08-04,2026-05-05,"S&P 500, NASDAQ 100, NASDAQ Composite, S&P 500 Communication Services, S&P 500 ESG, NASDAQ Industrials, Russell 3000, Russell 1000, STOXX Global 1800, STOXX North America 600, STOXX USA 500, STOXX Global 1800 ex Asia/Pacific, STOXX Global 1800 ex Europe, STOXX Developed Markets 2400, STOXX USA 500",205.6899,USD,204.84,USD,204.99,USD,205.25,USD,3121762,False,False,True,True,True,False,True,True,True,True,True,True,False,True,False,True,False,True,False,False,False,False,False,False,False,False,False,False,False,False,False,True,False,False,False,False,False,False,False,False,True,False,False,False,False,False,False,False,False,False,False,False,False,False,False,False,False,False,False,False,False,False,False,False,True,False,False,False,True,False,False,False
XEL,Xcel Energy Inc.,51333688573.29505,USD,Utilities,Electric utilities,NASDAQ,Strong buy,2026-07-23,2026-04-30,"S&P 500, NASDAQ 100, NASDAQ Composite, PHLX Utilities Sector, S&P 500 Utilities, NASDAQ Industrials, Russell 3000, Dow Jones Utility Average, Dow Jones Composite Average, Russell 1000, STOXX Global 1800, STOXX North America 600, STOXX USA 500, STOXX Global 1800 ex Asia/Pacific, STOXX Global 1800 ex Europe, STOXX Developed Markets 2400, STOXX USA 500",82.79,USD,82.0,USD,82.33,USD,82.23,USD,6791014,False,False,True,True,True,False,True,True,True,True,True,True,False,True,False,False,False,True,False,False,False,False,False,False,False,False,True,False,False,False,False,True,False,False,False,False,False,False,False,False,False,False,False,False,False,False,False,False,False,False,False,False,False,False,False,False,False,True,True,True,False,False,False,False,True,False,False,False,False,True,False,False
WDAY,"Workday, Inc.",30679869094.92757,USD,Technology services,Information technology services,NASDAQ,Buy,2026-08-20,2026-05-21,"S&P 500, NASDAQ 100, NASDAQ Composite, S&P 500 Information Technology, S&P 500 ESG, Nasdaq US Large Cap Growth, NASDAQ Computer, NASDAQ-100 Technology Sector, ISE CTA Cloud Computing, Russell 3000, Russell 1000, STOXX Global 1800, STOXX North America 600, STOXX USA 500, STOXX Global 1800 ex Asia/Pacific, STOXX Global 1800 ex Europe, STOXX Developed Markets 2400, STOXX USA 500",125.21,USD,115.05,USD,116.58,USD,124.21,USD,10383200,True,False,True,True,True,False,True,True,True,True,True,True,False,True,False,True,False,False,True,False,False,False,False,False,False,False,False,False,False,False,False,True,False,True,True,False,False,False,False,False,False,False,False,False,False,False,False,False,False,False,False,True,False,False,False,False,False,False,False,False,False,False,False,False,True,False,True,False,False,False,False,False
BKR,Baker Hughes Company,56111402313.56375,USD,Industrial services,Contract drilling,NASDAQ,Buy,2026-07-22,2026-04-23,"S&P 500, NASDAQ 100, NASDAQ Composite, S&P 500 Energy, S&P 500 ESG, NASDAQ Industrials, Russell 3000, Russell 1000, STOXX Global 1800, STOXX North America 600, STOXX USA 500, STOXX Global 1800 ex Asia/Pacific, STOXX Global 1800 ex Europe, STOXX Developed Markets 2400, STOXX USA 500",56.97,USD,56.0152,USD,56.25,USD,56.56,USD,8969106,False,False,True,True,True,False,True,True,True,True,True,True,False,True,False,True,False,True,False,False,False,False,False,False,False,False,False,False,False,False,False,True,False,False,False,False,False,False,False,False,False,False,False,False,False,False,False,False,False,False,False,False,False,True,False,False,False,False,False,False,False,False,False,False,True,False,True,False,False,False,False,False
NFLX,"Netflix, Inc.",310799032152.6545,USD,Technology services,Internet software/Services,NASDAQ,Buy,2026-07-16,2026-04-16,"S&P 500, NASDAQ 100, NASDAQ Composite, S&P 500 Communication Services, S&P 500 ESG, Nasdaq US Large Cap Growth, NASDAQ Industrials, NASDAQ CB Insights Metaverse US, S&P 100, Russell 3000, Russell 1000, STOXX Global 1800, STOXX North America 600, STOXX USA 500, STOXX Global 1800 ex Asia/Pacific, STOXX Global 1800 ex Europe, STOXX Global 150, STOXX North America 50, STOXX Americas 100, STOXX Global 200, STOXX Developed Markets 150, STOXX Developed Markets 2400, STOXX USA 500",75.2,USD,71.53,USD,71.69,USD,73.81,USD,74988875,True,False,True,True,True,False,True,True,True,True,True,True,False,True,False,True,False,True,False,False,False,False,False,False,False,True,False,True,True,True,True,True,False,False,False,False,False,False,False,False,True,False,True,True,False,False,False,False,False,False,False,False,False,False,False,False,False,False,False,False,False,False,False,False,True,False,True,False,False,False,False,False
CSCO,"Cisco Systems, Inc.",448417043441.5398,USD,Electronic technology,Telecommunications equipment,NASDAQ,Buy,2026-08-19,2026-05-13,"S&P 500, NASDAQ 100, Dow Jones Industrial Average, NASDAQ Composite, S&P 500 Information Technology, S&P 500 ESG, NASDAQ Telecommunications, ISE CTA Cloud Computing, NASDAQ CB Insights Metaverse US, S&P 100, Russell 3000, Dow Jones Composite Average, Russell 1000, STOXX Global 1800, STOXX North America 600, STOXX USA 500, STOXX Global 1800 ex Asia/Pacific, STOXX Global 1800 ex Europe, STOXX Global 150, STOXX North America 50, STOXX Americas 100, STOXX Global 200, STOXX Developed Markets 2400, STOXX USA 500",117.18,USD,112.858,USD,117.18,USD,113.77,USD,51641294,False,False,True,True,True,False,True,True,True,True,True,True,False,True,False,True,False,False,False,False,False,False,True,False,False,True,True,True,True,True,True,True,False,True,False,False,False,False,False,False,False,True,False,True,False,False,False,False,False,False,False,True,False,False,False,False,False,False,False,False,False,False,False,False,True,False,True,False,False,False,False,False
ORLY,"O'Reilly Automotive, Inc.",74211437423.46489,USD,Retail trade,Specialty stores,NASDAQ,Strong buy,2026-07-29,2026-04-29,"S&P 500, NASDAQ 100, NASDAQ Composite, S&P 500 Consumer Discretionary, Nasdaq US Large Cap Growth, NASDAQ Industrials, Russell 3000, Russell 1000, STOXX Global 1800, STOXX North America 600, STOXX USA 500, STOXX Global 1800 ex Asia/Pacific, STOXX Global 1800 ex Europe, STOXX Developed Markets 2400, STOXX USA 500",90.255,USD,88.05,USD,88.19,USD,89.55,USD,20969656,True,False,True,True,True,True,True,True,True,True,True,True,False,True,False,False,False,True,False,False,False,False,False,False,False,False,False,False,False,False,False,True,False,False,False,False,False,False,False,False,False,False,False,False,False,False,False,False,False,False,False,False,False,False,False,False,False,False,False,False,False,False,False,False,True,False,False,False,False,True,False,False
AMD,"Advanced Micro Devices, Inc.",850488665310.0883,USD,Electronic technology,Semiconductors,NASDAQ,Buy,2026-08-04,2026-05-05,"S&P 500, NASDAQ 100, NASDAQ Composite, PHLX Semiconductor Sector, S&P 500 Information Technology, Nasdaq US Large Cap Growth, NASDAQ Computer, NASDAQ-100 Technology Sector, NASDAQ CB Insights Metaverse US, S&P 100, Russell 3000, Russell 1000, STOXX Global 1800, STOXX North America 600, STOXX USA 500, STOXX Global 1800 ex Asia/Pacific, STOXX Global 1800 ex Europe, STOXX Americas 100, STOXX Global 200, STOXX Developed Markets 2400, STOXX USA 500",525.11,USD,502.61,USD,519.795,USD,521.58,USD,52705094,True,False,True,True,True,False,True,True,True,True,True,True,False,True,False,False,False,False,True,False,False,False,False,False,False,True,False,False,False,True,True,True,True,True,True,False,False,False,False,False,False,False,False,True,False,False,False,False,False,False,False,False,False,False,False,False,False,False,False,False,False,False,False,False,True,False,True,False,False,False,False,False
NBIS,Nebius Group N.V.,60471601180.33279,USD,Technology services,Packaged software,NASDAQ,Buy,2026-07-29,2026-05-13,"NASDAQ 100, NASDAQ Composite, NASDAQ Computer, NASDAQ-100 Technology Sector, STOXX Global 1800, STOXX North America 600, STOXX USA 500, STOXX Global 1800 ex Asia/Pacific, STOXX Global 1800 ex Europe, STOXX Developed Markets 2400, STOXX USA 500",248.8,USD,234.4,USD,244.85,USD,240.3,USD,13153932,False,False,False,False,False,False,True,True,True,True,True,True,False,True,False,False,False,False,True,False,False,False,False,False,False,False,False,False,False,False,False,True,False,False,True,False,False,False,False,False,False,False,False,False,False,False,False,False,False,False,False,False,False,False,False,False,False,False,False,False,False,False,False,False,True,False,True,False,False,False,False,False
MRVL,"Marvell Technology, Inc.",233370400846.74216,USD,Electronic technology,Semiconductors,NASDAQ,Strong buy,2026-08-20,2026-05-27,"S&P 500, NASDAQ 100, NASDAQ Composite, PHLX Semiconductor Sector, Nasdaq US Large Cap Growth, NASDAQ Computer, NASDAQ-100 Technology Sector, Russell 3000, Russell 1000, STOXX Global 1800, STOXX North America 600, STOXX USA 500, STOXX Global 1800 ex Asia/Pacific, STOXX Global 1800 ex Europe, STOXX Developed Markets 2400, STOXX USA 500",274.2,USD,262.0,USD,268.37,USD,266.77,USD,41985375,True,False,True,True,True,False,True,True,True,True,True,True,False,True,False,False,False,False,True,False,False,False,False,False,False,False,False,False,False,False,False,True,True,False,True,False,False,False,False,False,False,False,False,False,False,False,False,False,False,False,False,False,False,False,False,False,False,False,False,False,False,False,False,False,True,False,False,False,False,True,False,False
WMT,Walmart Inc.,920670161552.411,USD,Retail trade,Specialty stores,NASDAQ,Buy,2026-08-20,2026-05-21,"S&P 500, NASDAQ 100, Dow Jones Industrial Average, NASDAQ Composite, S&P 500 Consumer Staples, S&P 500 ESG, NASDAQ Industrials, NASDAQ CB Insights Metaverse US, S&P 100, Russell 3000, Dow Jones Composite Average, Russell 1000, STOXX Global 1800, STOXX North America 600, STOXX USA 500, STOXX Global 1800 ex Asia/Pacific, STOXX Global 1800 ex Europe, STOXX Global 150, STOXX North America 50, STOXX Americas 100, STOXX Global 200, STOXX Developed Markets 150, STOXX Developed Markets 2400, STOXX USA 500",117.88,USD,115.09,USD,117.29,USD,115.69,USD,36635951,False,False,True,True,True,False,True,True,True,True,True,True,False,True,False,True,False,True,False,False,False,False,True,False,False,True,True,True,True,True,True,True,False,False,False,False,False,False,False,False,False,False,True,True,False,False,True,False,False,False,False,False,False,False,False,False,False,False,False,False,False,False,False,False,True,False,True,False,False,False,False,False
EXC,Exelon Corporation,48500065356.42352,USD,Utilities,Electric utilities,NASDAQ,Neutral,2026-08-05,2026-05-06,"S&P 500, NASDAQ 100, NASDAQ Composite, PHLX Utilities Sector, S&P 500 Utilities, S&P 500 ESG, NASDAQ Industrials, Russell 3000, Dow Jones Utility Average, Dow Jones Composite Average, Russell 1000, STOXX Global 1800, STOXX North America 600, STOXX USA 500, STOXX Global 1800 ex Asia/Pacific, STOXX Global 1800 ex Europe, STOXX Developed Markets 2400, STOXX USA 500",47.45,USD,47.04,USD,47.24,USD,47.4,USD,15024671,False,False,True,True,True,False,True,True,True,True,True,True,False,True,False,True,False,True,False,False,False,False,False,False,False,False,True,False,False,False,False,True,False,False,False,False,False,False,False,False,False,False,False,False,False,False,False,False,False,False,False,False,False,False,False,False,False,True,True,True,False,False,False,False,True,False,False,False,True,False,False,False
FTNT,"Fortinet, Inc.",110886326360.75468,USD,Technology services,Information technology services,NASDAQ,Neutral,2026-07-30,2026-05-06,"S&P 500, NASDAQ 100, NASDAQ Composite, S&P 500 Information Technology, S&P 500 ESG, Nasdaq US Large Cap Growth, NASDAQ Computer, NASDAQ-100 Technology Sector, Russell 3000, Russell 1000, STOXX Global 1800, STOXX North America 600, STOXX USA 500, STOXX Global 1800 ex Asia/Pacific, STOXX Global 1800 ex Europe, STOXX Developed Markets 2400, STOXX USA 500",152.77,USD,147.55,USD,150.81,USD,151.35,USD,9199715,True,False,True,True,True,False,True,True,True,True,True,True,False,True,False,True,False,False,True,False,False,False,False,False,False,False,False,False,False,False,False,True,False,True,True,False,False,False,False,False,False,False,False,False,False,False,False,False,False,False,False,False,False,False,False,False,False,False,False,False,False,False,False,False,True,False,False,False,True,False,False,False
AXON,"Axon Enterprise, Inc.",37466266376.1488,USD,Electronic technology,Aerospace & defense,NASDAQ,Strong buy,2026-08-11,2026-05-06,"S&P 500, NASDAQ 100, NASDAQ Composite, S&P 500 Industrials, Nasdaq US Large Cap Growth, NASDAQ Industrials, Russell 3000, Russell 1000, STOXX Global 1800, STOXX North America 600, STOXX USA 500, STOXX Global 1800 ex Asia/Pacific, STOXX Global 1800 ex Europe, STOXX Developed Markets 2400, STOXX USA 500",477.17,USD,440.0,USD,445.04,USD,464.83,USD,1504203,True,False,True,True,True,False,True,True,True,True,True,True,False,True,False,False,False,True,False,False,False,False,False,False,False,False,False,False,False,False,False,True,False,False,False,False,False,False,False,True,False,False,False,False,False,False,False,False,False,False,False,False,False,False,False,False,False,False,False,False,False,False,False,False,True,False,False,False,False,True,False,False
DXCM,"DexCom, Inc.",27065129688.21675,USD,Health technology,Medical specialties,NASDAQ,Strong buy,2026-07-23,2026-04-30,"S&P 500, NASDAQ 100, NASDAQ Composite, S&P 500 Health Care, Nasdaq US Mid Cap Growth, Russell 3000, Russell 1000, STOXX Global 1800, STOXX North America 600, STOXX USA 500, STOXX Global 1800 ex Asia/Pacific, STOXX Global 1800 ex Europe, STOXX Developed Markets 2400, STOXX USA 500",70.38,USD,68.28,USD,68.435,USD,70.14,USD,6872596,False,False,True,True,True,False,True,True,True,True,True,True,False,True,False,False,True,False,False,False,False,False,False,False,False,False,False,False,False,False,False,True,False,False,False,True,False,False,False,False,False,False,False,False,False,False,False,False,False,False,False,False,False,False,False,False,False,False,False,False,False,False,False,False,True,False,False,False,False,True,False,False
DASH,"DoorDash, Inc.",79775747846.43394,USD,Transportation,Air freight/Couriers,NASDAQ,Buy,2026-07-30,2026-05-06,"S&P 500, NASDAQ 100, NASDAQ Composite, S&P 500 Consumer Discretionary, Nasdaq US Large Cap Growth, NASDAQ Computer, NASDAQ-100 Technology Sector, Russell 3000, Russell 1000, STOXX Global 1800, STOXX North America 600, STOXX USA 500, STOXX Global 1800 ex Asia/Pacific, STOXX Global 1800 ex Europe, STOXX Developed Markets 2400, STOXX USA 500",186.865,USD,176.335,USD,177.06,USD,183.09,USD,7399183,True,False,True,True,True,True,True,True,True,True,True,True,False,True,False,False,False,False,True,False,False,False,False,False,False,False,False,False,False,False,False,True,False,False,True,False,False,False,False,False,False,False,False,False,False,False,False,False,False,False,False,False,False,False,False,False,False,False,False,False,False,False,False,False,True,False,True,False,False,False,False,False
MNST,Monster Beverage Corporation,94260424183.00156,USD,Consumer non-durables,Beverages: non-alcoholic,NASDAQ,Buy,2026-07-30,2026-05-07,"S&P 500, NASDAQ 100, NASDAQ Composite, S&P 500 Consumer Staples, Nasdaq US Large Cap Growth, NASDAQ Industrials, Russell 3000, Russell 1000, STOXX Global 1800, STOXX North America 600, STOXX USA 500, STOXX Global 1800 ex Asia/Pacific, STOXX Global 1800 ex Europe, STOXX Developed Markets 2400, STOXX USA 500",97.87,USD,96.05,USD,96.58,USD,96.38,USD,13420620,True,False,True,True,True,False,True,True,True,True,True,True,False,True,False,False,False,True,False,False,False,False,False,False,False,False,False,False,False,False,False,True,False,False,False,False,False,False,False,False,False,False,False,False,False,False,True,False,False,False,False,False,False,False,False,False,False,False,False,False,False,False,False,False,True,False,True,False,False,False,False,False
MDLZ,"Mondelez International, Inc.",78033071115.52744,USD,Consumer non-durables,Food: specialty/candy,NASDAQ,Buy,2026-07-28,2026-04-28,"S&P 500, NASDAQ 100, NASDAQ Composite, S&P 500 Consumer Staples, S&P 500 ESG, NASDAQ Industrials, NASDAQ US Benchmark Food Producers, S&P 100, Russell 3000, Russell 1000, STOXX Global 1800, STOXX North America 600, STOXX USA 500, STOXX Global 1800 ex Asia/Pacific, STOXX Global 1800 ex Europe, STOXX Developed Markets 2400, STOXX USA 500",61.98,USD,60.43,USD,61.86,USD,60.79,USD,15230958,False,True,True,True,True,False,True,True,True,True,True,True,False,True,False,True,False,True,False,False,False,False,False,False,False,True,False,False,False,False,False,True,False,False,False,False,False,False,False,False,False,False,False,False,False,False,True,False,False,False,False,False,False,False,False,False,False,False,False,False,False,False,False,False,True,False,True,False,False,False,False,False
CSX,CSX Corporation,88558898173.6897,USD,Transportation,Railroads,NASDAQ,Buy,2026-07-22,2026-04-22,"S&P 500, NASDAQ 100, NASDAQ Composite, Dow Jones Transportation Average, S&P 500 Industrials, S&P 500 ESG, NASDAQ Transportation, Russell 3000, Dow Jones Composite Average, Russell 1000, STOXX Global 1800, STOXX North America 600, STOXX USA 500, STOXX Global 1800 ex Asia/Pacific, STOXX Global 1800 ex Europe, STOXX Developed Markets 2400, STOXX USA 500",47.94,USD,47.19,USD,47.8,USD,47.66,USD,19419610,False,False,True,True,True,False,True,True,True,True,True,True,False,True,False,True,False,False,False,False,False,False,False,False,False,False,True,False,False,False,False,True,False,False,False,False,False,False,False,True,False,False,False,False,False,False,False,True,False,True,False,False,False,False,False,False,False,False,False,False,False,False,False,False,True,False,True,False,False,False,False,False
CPRT,"Copart, Inc.",28283541322.966724,USD,Retail trade,Specialty stores,NASDAQ,Buy,2026-09-09,2026-05-21,"S&P 500, NASDAQ 100, NASDAQ Composite, S&P 500 Industrials, NASDAQ Industrials, Russell 3000, Russell 1000, STOXX Global 1800, STOXX North America 600, STOXX USA 500, STOXX Global 1800 ex Asia/Pacific, STOXX Global 1800 ex Europe, STOXX Developed Markets 2400, STOXX USA 500",30.84,USD,30.24,USD,30.3,USD,30.55,USD,30449539,False,False,True,True,True,False,True,True,True,True,True,True,False,True,False,False,False,True,False,False,False,False,False,False,False,False,False,False,False,False,False,True,False,False,False,False,False,False,False,True,False,False,False,False,False,False,False,False,False,False,False,False,False,False,False,False,False,False,False,False,False,False,False,False,True,False,True,False,False,False,False,False
ALAB,"Astera Labs, Inc.",67147347875.274414,USD,Electronic technology,Semiconductors,NASDAQ,Buy,2026-08-11,2026-05-05,"NASDAQ 100, NASDAQ Composite, PHLX Semiconductor Sector, Nasdaq US Mid Cap Growth, NASDAQ Computer, NASDAQ-100 Technology Sector, Russell 3000, Russell 1000, STOXX Global 1800, STOXX North America 600, STOXX USA 500, STOXX Global 1800 ex Asia/Pacific, STOXX Global 1800 ex Europe, STOXX Developed Markets 2400, STOXX USA 500",396.265,USD,372.5,USD,382.45,USD,391.74,USD,6564842,False,False,True,True,False,False,True,True,True,True,True,True,False,True,False,False,True,False,True,False,False,False,False,False,False,False,False,False,False,False,False,True,True,False,True,False,False,False,False,False,False,False,False,False,False,False,False,False,False,False,False,False,False,False,False,False,False,False,False,False,False,False,False,False,True,False,True,False,False,False,False,False
KDP,Keurig Dr Pepper Inc.,45442686211.31611,USD,Consumer non-durables,Beverages: non-alcoholic,NASDAQ,Buy,2026-07-23,2026-04-23,"S&P 500, NASDAQ 100, NASDAQ Composite, S&P 500 Consumer Staples, S&P 500 ESG, NASDAQ Industrials, Russell 3000, Russell 1000, STOXX Global 1800, STOXX North America 600, STOXX USA 500, STOXX Global 1800 ex Asia/Pacific, STOXX Global 1800 ex Europe, STOXX Developed Markets 2400, STOXX USA 500",33.66,USD,32.61,USD,32.67,USD,33.4,USD,54796448,False,False,True,True,True,False,True,True,True,True,True,True,False,True,False,True,False,True,False,False,False,False,False,False,False,False,False,False,False,False,False,True,False,False,False,False,False,False,False,False,False,False,False,False,False,False,True,False,False,False,False,False,False,False,False,False,False,False,False,False,False,False,False,False,True,False,True,False,False,False,False,False
SBUX,Starbucks Corporation,119212619124.95346,USD,Consumer services,Restaurants,NASDAQ,Neutral,2026-08-04,2026-04-28,"S&P 500, NASDAQ 100, NASDAQ Composite, S&P 500 Consumer Discretionary, S&P 500 ESG, NASDAQ Industrials, S&P 100, Russell 3000, Russell 1000, STOXX Global 1800, STOXX North America 600, STOXX USA 500, STOXX Global 1800 ex Asia/Pacific, STOXX Global 1800 ex Europe, STOXX Developed Markets 2400, STOXX USA 500",104.915,USD,102.71,USD,103.44,USD,104.6,USD,17150799,False,False,True,True,True,True,True,True,True,True,True,True,False,True,False,True,False,True,False,False,False,False,False,False,False,True,False,False,False,False,False,True,False,False,False,False,False,False,False,False,False,False,False,False,False,False,False,False,False,False,False,False,False,False,False,False,False,False,False,False,False,False,False,False,True,False,False,False,True,False,False,False
PANW,"Palo Alto Networks, Inc.",247922996901.84927,USD,Technology services,Packaged software,NASDAQ,Buy,2026-08-24,2026-06-02,"S&P 500, NASDAQ 100, NASDAQ Composite, S&P 500 Information Technology, S&P 500 ESG, Nasdaq US Large Cap Growth, NASDAQ Computer, NASDAQ-100 Technology Sector, ISE CTA Cloud Computing, Russell 3000, Russell 1000, STOXX Global 1800, STOXX North America 600, STOXX USA 500, STOXX Global 1800 ex Asia/Pacific, STOXX Global 1800 ex Europe, STOXX Global 200, STOXX Developed Markets 2400, STOXX USA 500",306.24,USD,290.0,USD,295.15,USD,304.2,USD,8269772,True,False,True,True,True,False,True,True,True,True,True,True,False,True,False,True,False,False,True,False,False,False,False,False,False,False,False,False,False,False,True,True,False,True,True,False,False,False,False,False,False,False,False,False,False,False,False,False,False,False,False,True,False,False,False,False,False,False,False,False,False,False,False,False,True,False,True,False,False,False,False,False
FAST,Fastenal Company,54072448000.08952,USD,Distribution services,Wholesale distributors,NASDAQ,Neutral,2026-07-13,2026-04-13,"S&P 500, NASDAQ 100, NASDAQ Composite, S&P 500 Industrials, S&P 500 ESG, Nasdaq US Large Cap Growth, NASDAQ Industrials, Russell 3000, Russell 1000, STOXX Global 1800, STOXX North America 600, STOXX USA 500, STOXX Global 1800 ex Asia/Pacific, STOXX Global 1800 ex Europe, STOXX Developed Markets 2400, STOXX USA 500",47.565,USD,46.72,USD,47.15,USD,47.1,USD,14683022,True,False,True,True,True,False,True,True,True,True,True,True,False,True,False,True,False,True,False,False,False,False,False,False,False,False,False,False,False,False,False,True,False,False,False,False,False,False,False,True,False,False,False,False,False,False,False,False,False,False,False,False,False,False,False,False,False,False,False,False,False,False,False,False,True,False,False,False,True,False,False,False
TSLA,"Tesla, Inc.",1426085802052.2163,USD,Consumer durables,Motor vehicles,NASDAQ,Neutral,2026-07-22,2026-04-22,"S&P 500, NASDAQ 100, NASDAQ Composite, S&P 500 Consumer Discretionary, Nasdaq US Large Cap Growth, NASDAQ Industrials, NASDAQ Clean Edge Green Energy, S&P 100, Russell 3000, Russell 1000, STOXX Global 1800, STOXX North America 600, STOXX USA 500, STOXX Global 1800 ex Asia/Pacific, STOXX Global 1800 ex Europe, STOXX Global 150, STOXX North America 50, STOXX Americas 100, STOXX Global 200, STOXX Developed Markets 150, STOXX Developed Markets 2400, STOXX USA 500",387.8,USD,368.6,USD,370.15,USD,379.71,USD,53433941,True,False,True,True,True,True,True,True,True,True,True,True,False,True,False,False,False,True,False,False,False,False,False,False,False,True,False,True,True,True,True,True,False,False,False,False,False,False,False,False,False,False,True,False,False,False,False,False,False,False,False,False,True,False,False,False,False,False,False,False,False,False,False,False,True,False,False,False,True,False,False,False
SHOP,Shopify Inc.,151643921778.1421,USD,Commercial services,Miscellaneous commercial services,NASDAQ,Buy,2026-07-29,2026-05-04,"NASDAQ 100, NASDAQ Composite, NASDAQ Computer, NASDAQ-100 Technology Sector, KBW NASDAQ Financial Technology, ISE CTA Cloud Computing, STOXX Global 1800, STOXX North America 600, STOXX Global 1800 ex Asia/Pacific, STOXX Global 1800 ex Europe, STOXX Americas 100, STOXX Global 200, STOXX Developed Markets 150, STOXX Developed Markets 2400",117.87,USD,112.1,USD,112.595,USD,116.86,USD,9946418,False,False,False,False,False,False,True,True,False,True,True,True,False,True,False,False,False,False,True,False,False,False,False,False,False,False,False,False,False,True,True,True,False,False,True,False,False,False,False,False,False,False,True,False,False,False,False,False,False,False,True,True,False,False,False,False,False,False,False,False,False,False,False,False,True,False,True,False,False,False,False,False
PLTR,Palantir Technologies Inc.,270728468331.46265,USD,Technology services,Packaged software,NASDAQ,Buy,2026-08-10,2026-05-04,"S&P 500, NASDAQ 100, NASDAQ Composite, S&P 500 Information Technology, Nasdaq US Large Cap Growth, NASDAQ Computer, NASDAQ-100 Technology Sector, S&P 100, Russell 3000, Russell 1000, STOXX Global 1800, STOXX North America 600, STOXX USA 500, STOXX Global 1800 ex Asia/Pacific, STOXX Global 1800 ex Europe, STOXX Americas 100, STOXX Global 200, STOXX Developed Markets 2400, STOXX USA 500",114.0799,USD,108.47,USD,109.04,USD,112.93,USD,61359545,True,False,True,True,True,False,True,True,True,True,True,True,False,True,False,False,False,False,True,False,False,False,False,False,False,True,False,False,False,True,True,True,False,True,True,False,False,False,False,False,False,False,False,False,False,False,False,False,False,False,False,False,False,False,False,False,False,False,False,False,False,False,False,False,True,False,True,False,False,False,False,False
FANG,"Diamondback Energy, Inc.",50611080962.29253,USD,Energy minerals,Oil & gas production,NASDAQ,Strong buy,2026-08-03,2026-05-04,"S&P 500, NASDAQ 100, NASDAQ Composite, S&P 500 Energy, S&P 500 ESG, NASDAQ Industrials, Russell 3000, Russell 1000, STOXX Global 1800, STOXX North America 600, STOXX USA 500, STOXX Global 1800 ex Asia/Pacific, STOXX Global 1800 ex Europe, STOXX Developed Markets 2400, STOXX USA 500",183.22,USD,179.355,USD,180.74,USD,179.91,USD,3402108,False,False,True,True,True,False,True,True,True,True,True,True,False,True,False,True,False,True,False,False,False,False,False,False,False,False,False,False,False,False,False,True,False,False,False,False,False,False,False,False,False,False,False,False,False,False,False,False,False,False,False,False,False,True,False,False,False,False,False,False,False,False,False,False,True,False,False,False,False,True,False,False
ARM,Arm Holdings plc,369963430908.0,USD,Electronic technology,Semiconductors,NASDAQ,Buy,2026-07-29,2026-05-06,"NASDAQ 100, NASDAQ Composite, PHLX Semiconductor Sector, NASDAQ Computer, NASDAQ-100 Technology Sector",339.9,USD,326.8,USD,335.07,USD,334.27,USD,7718153,False,False,False,False,False,False,False,False,False,False,False,False,False,True,False,False,False,False,True,False,False,False,False,False,False,False,False,False,False,False,False,True,True,False,True,False,False,False,False,False,False,False,False,False,False,False,False,False,False,False,False,False,False,False,False,False,False,False,False,False,False,False,False,False,True,False,True,False,False,False,False,False
DDOG,"Datadog, Inc.",85348577297.24994,USD,Technology services,Packaged software,NASDAQ,Strong buy,2026-08-06,2026-05-07,"S&P 500, NASDAQ 100, NASDAQ Composite, S&P 500 Information Technology, Nasdaq US Large Cap Growth, NASDAQ Computer, NASDAQ-100 Technology Sector, ISE CTA Cloud Computing, Russell 3000, Russell 1000, STOXX Global 1800, STOXX North America 600, STOXX USA 500, STOXX Global 1800 ex Asia/Pacific, STOXX Global 1800 ex Europe, STOXX Developed Markets 2400, STOXX USA 500",242.04,USD,223.68,USD,224.94,USD,239.77,USD,9628005,True,False,True,True,True,False,True,True,True,True,True,True,False,True,False,False,False,False,True,False,False,False,False,False,False,False,False,False,False,False,False,True,False,True,True,False,False,False,False,False,False,False,False,False,False,False,False,False,False,False,False,True,False,False,False,False,False,False,False,False,False,False,False,False,True,False,False,False,False,True,False,False
MCHP,Microchip Technology Incorporated,47665027524.80674,USD,Electronic technology,Semiconductors,NASDAQ,Buy,2026-08-04,2026-05-07,"S&P 500, NASDAQ 100, NASDAQ Composite, PHLX Semiconductor Sector, S&P 500 Information Technology, NASDAQ Computer, NASDAQ-100 Technology Sector, Russell 3000, Russell 1000, STOXX Global 1800, STOXX North America 600, STOXX USA 500, STOXX Global 1800 ex Asia/Pacific, STOXX Global 1800 ex Europe, STOXX Developed Markets 2400, STOXX USA 500",91.2443,USD,86.8424,USD,91.075,USD,87.93,USD,31443148,False,False,True,True,True,False,True,True,True,True,True,True,False,True,False,False,False,False,True,False,False,False,False,False,False,False,False,False,False,False,False,True,True,True,True,False,False,False,False,False,False,False,False,False,False,False,False,False,False,False,False,False,False,False,False,False,False,False,False,False,False,False,False,False,True,False,True,False,False,False,False,False
CRWD,"CrowdStrike Holdings, Inc.",178472855608.39038,USD,Technology services,Packaged software,NASDAQ,Buy,2026-09-02,2026-06-03,"S&P 500, NASDAQ 100, NASDAQ Composite, S&P 500 Information Technology, Nasdaq US Large Cap Growth, NASDAQ Computer, NASDAQ-100 Technology Sector, ISE CTA Cloud Computing, Russell 3000, Russell 1000, STOXX Global 1800, STOXX North America 600, STOXX USA 500, STOXX Global 1800 ex Asia/Pacific, STOXX Global 1800 ex Europe, STOXX Global 200, STOXX Developed Markets 2400, STOXX USA 500",704.84,USD,673.61,USD,686.2,USD,701.09,USD,3332247,True,False,True,True,True,False,True,True,True,True,True,True,False,True,False,False,False,False,True,False,False,False,False,False,False,False,False,False,False,False,True,True,False,True,True,False,False,False,False,False,False,False,False,False,False,False,False,False,False,False,False,True,False,False,False,False,False,False,False,False,False,False,False,False,True,False,True,False,False,False,False,False
RKLB,Rocket Lab Corporation,48937459311.22048,USD,Electronic technology,Aerospace & defense,NASDAQ,Buy,2026-08-06,2026-05-07,"NASDAQ 100, NASDAQ Composite, Nasdaq US Large Cap Growth, NASDAQ Industrials, Russell 3000, Russell 1000, STOXX Global 1800, STOXX North America 600, STOXX USA 500, STOXX Global 1800 ex Asia/Pacific, STOXX Global 1800 ex Europe, STOXX Developed Markets 2400, STOXX USA 500",86.28,USD,80.73,USD,81.11,USD,84.54,USD,34393938,True,False,True,True,False,False,True,True,True,True,True,True,False,True,False,False,False,True,False,False,False,False,False,False,False,False,False,False,False,False,False,True,False,False,False,False,False,False,False,False,False,False,False,False,False,False,False,False,False,False,False,False,False,False,False,False,False,False,False,False,False,False,False,False,True,False,True,False,False,False,False,False
INTC,Intel Corporation,644936296299.3818,USD,Electronic technology,Semiconductors,NASDAQ,Neutral,2026-07-23,2026-04-23,"S&P 500, NASDAQ 100, NASDAQ Composite, PHLX Semiconductor Sector, S&P 500 Information Technology, S&P 500 ESG, NASDAQ Computer, NASDAQ-100 Technology Sector, NASDAQ CB Insights Metaverse US, S&P 100, Russell 3000, Russell 1000, STOXX Global 1800, STOXX North America 600, STOXX USA 500, STOXX Global 1800 ex Asia/Pacific, STOXX Global 1800 ex Europe, STOXX Global 200, STOXX Developed Markets 2400, STOXX USA 500",131.23,USD,125.5,USD,128.705,USD,128.32,USD,99475199,False,False,True,True,True,False,True,True,True,True,True,True,False,True,False,True,False,False,True,False,False,False,False,False,False,True,False,False,False,False,True,True,True,True,True,False,False,False,False,False,False,False,False,True,False,False,False,False,False,False,False,False,False,False,False,False,False,False,False,False,False,False,False,False,True,False,False,False,True,False,False,False
WBD,"Warner Bros. Discovery, Inc. - Series A",67040834721.71089,USD,Consumer services,Cable/Satellite TV,NASDAQ,Neutral,2026-07-30,2026-05-06,"S&P 500, NASDAQ 100, NASDAQ Composite, S&P 500 Communication Services, S&P 500 ESG, NASDAQ Industrials, Russell 3000, Russell 1000, STOXX Global 1800, STOXX North America 600, STOXX USA 500, STOXX Global 1800 ex Asia/Pacific, STOXX Global 1800 ex Europe, STOXX Developed Markets 2400, STOXX USA 500",27.08,USD,26.66,USD,27.05,USD,26.74,USD,22151170,False,False,True,True,True,False,True,True,True,True,True,True,False,True,False,True,False,True,False,False,False,False,False,False,False,False,False,False,False,False,False,True,False,False,False,False,False,False,False,False,True,False,False,False,False,False,False,False,False,False,False,False,False,False,False,False,False,False,False,False,False,False,False,False,True,False,False,False,True,False,False,False
TTWO,"Take-Two Interactive Software, Inc.",44287067800.08566,USD,Technology services,Packaged software,NASDAQ,Strong buy,2026-08-10,2026-05-21,"S&P 500, NASDAQ 100, NASDAQ Composite, S&P 500 Communication Services, S&P 500 ESG, Nasdaq US Large Cap Growth, NASDAQ Industrials, NASDAQ CB Insights Metaverse US, Russell 3000, Russell 1000, STOXX Global 1800, STOXX North America 600, STOXX USA 500, STOXX Global 1800 ex Asia/Pacific, STOXX Global 1800 ex Europe, STOXX Developed Markets 2400, STOXX USA 500",241.1,USD,233.4,USD,240.84,USD,238.53,USD,6491689,True,False,True,True,True,False,True,True,True,True,True,True,False,True,False,True,False,True,False,False,False,False,False,False,False,False,False,False,False,False,False,True,False,False,False,False,False,False,False,False,True,False,False,True,False,False,False,False,False,False,False,False,False,False,False,False,False,False,False,False,False,False,False,False,True,False,False,False,False,True,False,False
CRWV,"CoreWeave, Inc.",52691185647.90016,USD,Technology services,Packaged software,NASDAQ,Buy,2026-08-18,2026-05-07,"NASDAQ 100, NASDAQ Composite, Nasdaq US Large Cap Growth, NASDAQ Computer, NASDAQ-100 Technology Sector, ISE CTA Cloud Computing, STOXX Global 1800, STOXX North America 600, STOXX USA 500, STOXX Global 1800 ex Asia/Pacific, STOXX Global 1800 ex Europe, STOXX Developed Markets 2400, STOXX USA 500",98.09,USD,93.5,USD,95.18,USD,96.58,USD,47702954,True,False,False,False,False,False,True,True,True,True,True,True,False,True,False,False,False,False,True,False,False,False,False,False,False,False,False,False,False,False,False,True,False,False,True,False,False,False,False,False,False,False,False,False,False,False,False,False,False,False,False,True,False,False,False,False,False,False,False,False,False,False,False,False,True,False,True,False,False,False,False,False
KHC,The Kraft Heinz Company,28102928011.239883,USD,Consumer non-durables,Food: major diversified,NASDAQ,Neutral,2026-08-05,2026-05-06,"S&P 500, NASDAQ 100, NASDAQ Composite, S&P 500 Consumer Staples, S&P 500 ESG, NASDAQ Industrials, NASDAQ US Benchmark Food Producers, Russell 3000, Russell 1000, STOXX Global 1800, STOXX North America 600, STOXX USA 500, STOXX Global 1800 ex Asia/Pacific, STOXX Global 1800 ex Europe, STOXX Developed Markets 2400, STOXX USA 500",24.045,USD,23.55,USD,23.662,USD,23.7,USD,14931582,False,True,True,True,True,False,True,True,True,True,True,True,False,True,False,True,False,True,False,False,False,False,False,False,False,False,False,False,False,False,False,True,False,False,False,False,False,False,False,False,False,False,False,False,False,False,True,False,False,False,False,False,False,False,False,False,False,False,False,False,False,False,False,False,True,False,False,False,True,False,False,False
MSTR,Strategy Inc,28845343989.39365,USD,Technology services,Internet software/Services,NASDAQ,Strong buy,2026-08-04,2026-05-05,"NASDAQ 100, NASDAQ Composite, Nasdaq US Large Cap Growth, NASDAQ Computer, NASDAQ-100 Technology Sector, KBW NASDAQ Financial Technology, Russell 3000, Russell 1000, STOXX Global 1800, STOXX North America 600, STOXX USA 500, STOXX Global 1800 ex Asia/Pacific, STOXX Global 1800 ex Europe, STOXX Developed Markets 2400, STOXX USA 500",87.67,USD,81.81,USD,83.23,USD,82.31,USD,45679846,True,False,True,True,False,False,True,True,True,True,True,True,False,True,False,False,False,False,True,False,False,False,False,False,False,False,False,False,False,False,False,True,False,False,True,False,False,False,False,False,False,False,False,False,False,False,False,False,False,False,True,False,False,False,False,False,False,False,False,False,False,False,False,False,True,False,False,False,False,True,False,False
